venda_id,cliente_id,produto_id,data_venda,quantidade,valor_unitario,valor_total,desconto_aplicado,vendedor,forma_pagamento,status_pagamento
VEN_001942,CLI_0196,PROD_0498,2023-09-14,22,287.0,6314.06,0.15,Thomas Andrade,À vista,Pago
VEN_035011,CLI_0235,PROD_0292,2023-09-14,2,265.83,531.66,0.0,Dra. Ana Luiza Moura,Boleto,Pago
VEN_012100,CLI_0283,PROD_0018,2023-09-14,2,411.79,823.58,0.0,Sra. Maria Liz da Paz,Cartão,Pago
VEN_027418,CLI_0278,PROD_0395,2023-09-14,11,295.95,3255.45,0.0,Pedro Henrique Campos,Cartão,Pago
VEN_018575,CLI_0240,PROD_0207,2023-09-14,7,175.11,1225.79,0.1,Isabelly Lima,Transferência,Pago
VEN_041203,CLI_0236,PROD_0425,2023-09-14,28,103.53,2898.84,0.0,Sophia Mendes,Boleto,Pago
VEN_025720,CLI_0966,PROD_0474,2023-09-14,21,102.89,2160.65,0.1,Danilo Farias,À vista,Pago
VEN_042912,CLI_0124,PROD_0069,2023-09-14,10,335.59,3355.88,0.05,Maria Helena Albuquerque,À vista,Pago
VEN_041775,CLI_0933,PROD_0415,2023-09-14,7,224.27,1569.87,0.05,Sr. Bento Brito,Boleto,Pago
VEN_034902,CLI_0593,PROD_0258,2023-09-14,19,129.07,2452.33,0.0,Ryan Moreira,À vista,Pago
VEN_010234,CLI_0567,PROD_0461,2023-09-14,20,8.63,172.62,0.1,Dra. Lunna da Conceição,À vista,Pago
VEN_008716,CLI_0106,PROD_0353,2023-09-14,20,206.6,4131.93,0.05,Alexandre Fernandes,Transferência,Pago
VEN_044980,CLI_0046,PROD_0227,2023-09-14,5,57.79,288.95,0.0,Srta. Ana Beatriz da Cruz,Transferência,Pago
VEN_003573,CLI_0618,PROD_0496,2023-09-14,21,405.69,8519.49,0.0,Vitória Viana,Cartão,Pago
VEN_029411,CLI_0248,PROD_0183,2023-09-14,11,47.7,524.69,0.05,Ian Brito,Transferência,Pago
VEN_024827,CLI_0315,PROD_0268,2023-09-14,14,497.34,6962.76,0.0,Beatriz Caldeira,Cartão,Pago
VEN_029144,CLI_0319,PROD_0264,2023-09-14,28,220.14,6164.02,0.05,Maya Cavalcanti,À vista,Pendente
VEN_007159,CLI_0822,PROD_0227,2023-09-14,1,52.01,52.01,0.1,Lara Correia,Cartão,Pago
VEN_026802,CLI_0702,PROD_0236,2023-09-14,18,416.91,7504.34,0.05,Caio Silva,À vista,Pago
VEN_020240,CLI_0695,PROD_0452,2023-09-14,10,353.15,3531.53,0.05,Yasmin Sá,Cartão,Pago
VEN_048336,CLI_0289,PROD_0159,2023-09-14,1,96.65,96.65,0.0,Jade Montenegro,Cartão,Pago
VEN_044858,CLI_0356,PROD_0300,2023-09-14,13,15.32,199.16,0.0,Emilly Gomes,Cartão,Pago
VEN_013259,CLI_0724,PROD_0377,2023-09-14,23,67.48,1552.04,0.0,Davi Luiz Nunes,Boleto,Pago
VEN_042101,CLI_0199,PROD_0042,2023-09-14,11,285.66,3142.26,0.1,Bella Guerra,Cartão,Pago
VEN_005725,CLI_0267,PROD_0212,2023-09-14,4,455.67,1822.68,0.0,Elisa Vasconcelos,À vista,Pendente
VEN_019439,CLI_0391,PROD_0084,2023-09-14,21,432.71,9086.91,0.0,Marcos Vinicius Fogaça,Boleto,Pago
VEN_033733,CLI_0471,PROD_0246,2023-09-14,13,140.09,1821.22,0.1,Dante Leão,Boleto,Pago
VEN_046837,CLI_0799,PROD_0356,2023-09-14,27,15.07,406.89,0.0,Thales Sales,Boleto,Pago
VEN_042293,CLI_0418,PROD_0298,2023-09-14,26,460.98,11985.48,0.0,Isis Oliveira,Boleto,Pago
VEN_025182,CLI_0649,PROD_0151,2023-09-14,11,136.26,1498.84,0.05,Raquel Barbosa,Boleto,Pago
VEN_008008,CLI_0300,PROD_0072,2023-09-14,11,139.81,1537.91,0.0,Gabrielly Guerra,Cartão,Pago
VEN_027237,CLI_0384,PROD_0271,2023-09-14,15,155.49,2332.4,0.1,Pedro Miguel Novais,Cartão,Pago
VEN_019898,CLI_0610,PROD_0201,2023-09-14,3,256.58,769.74,0.0,Manuela Oliveira,Boleto,Pago
VEN_007786,CLI_0245,PROD_0391,2023-09-14,7,31.92,223.42,0.15,Alice Souza,Boleto,Pago
VEN_025311,CLI_0779,PROD_0474,2023-09-14,12,97.17,1166.06,0.15,João Pedro Ramos,Cartão,Pago
VEN_012727,CLI_0309,PROD_0023,2023-09-14,19,113.56,2157.64,0.0,Maria Julia Jesus,Transferência,Pago
VEN_033538,CLI_0178,PROD_0119,2023-09-14,2,71.69,143.39,0.1,Sr. Thales Ribeiro,Transferência,Pago
VEN_040526,CLI_0050,PROD_0409,2023-09-14,21,431.44,9060.24,0.0,André Casa Grande,Transferência,Atrasado
VEN_030326,CLI_0679,PROD_0109,2023-09-14,14,125.77,1760.78,0.0,Maysa Almeida,Transferência,Pendente
VEN_005947,CLI_0616,PROD_0305,2023-09-14,2,408.09,816.17,0.1,Manuela Sá,À vista,Pendente
VEN_000803,CLI_0015,PROD_0368,2023-09-14,17,225.56,3834.49,0.1,Nathan Pastor,Transferência,Pago
VEN_031899,CLI_0935,PROD_0217,2023-09-14,22,374.65,8242.3,0.0,Sr. Matteo Mendes,Cartão,Pago
VEN_003800,CLI_0226,PROD_0144,2023-09-14,4,57.24,228.96,0.0,Dr. Noah Aparecida,Cartão,Pago
VEN_027859,CLI_0293,PROD_0092,2023-09-14,18,220.11,3961.98,0.0,Olívia Mendes,Cartão,Atrasado
VEN_016493,CLI_0601,PROD_0217,2023-09-14,25,374.65,9366.25,0.0,Melissa Gomes,Cartão,Pago
VEN_006783,CLI_0633,PROD_0445,2023-09-14,28,96.84,2711.52,0.1,Rhavi Rios,Transferência,Pago
VEN_002470,CLI_0195,PROD_0431,2023-09-14,18,168.96,3041.28,0.0,Raquel Fonseca,Cartão,Pago
VEN_037383,CLI_0291,PROD_0315,2023-09-14,14,432.23,6051.23,0.05,Diego Câmara,Cartão,Pago
VEN_016169,CLI_0608,PROD_0267,2023-09-14,11,141.13,1552.43,0.0,Dr. Ravy Gonçalves,Boleto,Pago
VEN_016263,CLI_0859,PROD_0201,2023-09-14,12,243.75,2925.01,0.05,Sra. Rafaela Macedo,Transferência,Pago
VEN_033293,CLI_0345,PROD_0085,2023-09-14,6,49.73,298.4,0.15,Felipe Casa Grande,Cartão,Pago
VEN_016223,CLI_0832,PROD_0088,2023-09-14,11,432.85,4761.35,0.0,Emilly Ferreira,Transferência,Pago
VEN_000456,CLI_0709,PROD_0292,2023-09-14,2,265.83,531.66,0.0,Ian Rios,À vista,Pago
VEN_014207,CLI_0016,PROD_0165,2023-09-15,30,173.65,5209.5,0.0,Olívia Martins,Cartão,Pago
VEN_016176,CLI_0518,PROD_0214,2023-09-15,3,297.83,893.5,0.05,Sra. Elisa Pastor,Transferência,Pago
VEN_034944,CLI_0252,PROD_0175,2023-09-15,16,354.94,5679.04,0.0,Sr. Isaac Rocha,À vista,Pago
VEN_000170,CLI_0298,PROD_0100,2023-09-15,1,375.33,375.33,0.0,Otávio Cardoso,Cartão,Pago
VEN_022519,CLI_0905,PROD_0149,2023-09-15,2,307.11,614.22,0.0,Julia Pacheco,À vista,Pago
VEN_016841,CLI_0368,PROD_0113,2023-09-15,6,162.06,972.36,0.0,Dra. Luna Correia,Cartão,Pago
VEN_008975,CLI_0600,PROD_0218,2023-09-15,15,78.61,1179.22,0.1,Maria Laura Albuquerque,Cartão,Atrasado
VEN_044930,CLI_0102,PROD_0238,2023-09-15,5,435.85,2179.25,0.0,Ana Beatriz da Paz,Cartão,Pendente
VEN_011623,CLI_0937,PROD_0234,2023-09-15,25,20.44,511.1,0.05,Bruno das Neves,À vista,Pago
VEN_046709,CLI_0267,PROD_0475,2023-09-15,22,375.13,8252.86,0.0,José Cavalcante,À vista,Pago
VEN_005555,CLI_0960,PROD_0321,2023-09-15,22,336.32,7399.03,0.15,Vitor Hugo Rodrigues,Transferência,Pago
VEN_040428,CLI_0512,PROD_0378,2023-09-15,4,194.51,778.04,0.0,Ryan Macedo,Transferência,Pago
VEN_005616,CLI_0307,PROD_0121,2023-09-15,3,107.38,322.14,0.0,João Pedro Almeida,Cartão,Pago
VEN_032124,CLI_0165,PROD_0239,2023-09-15,17,340.47,5787.99,0.1,Murilo Pastor,Cartão,Pago
VEN_048824,CLI_0676,PROD_0247,2023-09-15,17,64.94,1103.9,0.1,Dra. Maya Câmara,Boleto,Pago
VEN_020885,CLI_0438,PROD_0230,2023-09-15,14,373.86,5234.04,0.0,Amanda Brito,Cartão,Pago
VEN_024335,CLI_0289,PROD_0481,2023-09-15,22,62.54,1375.88,0.0,Lorenzo Costela,Boleto,Pendente
VEN_000655,CLI_0605,PROD_0053,2023-09-15,24,87.32,2095.68,0.0,Amanda Andrade,Transferência,Pendente
VEN_009938,CLI_0939,PROD_0419,2023-09-15,11,8.15,89.6,0.1,Heitor Albuquerque,À vista,Pago
VEN_035566,CLI_0393,PROD_0396,2023-09-15,21,387.43,8136.03,0.15,Dr. José Miguel Leão,À vista,Pendente
VEN_021027,CLI_0960,PROD_0242,2023-09-15,23,193.61,4453.03,0.0,Sra. Maria Luísa da Rosa,À vista,Pago
VEN_044833,CLI_0024,PROD_0244,2023-09-15,3,458.05,1374.15,0.0,Dra. Isabel Castro,Cartão,Pago
VEN_034534,CLI_0476,PROD_0472,2023-09-15,29,195.4,5666.48,0.05,Ravi Lucca Novais,Boleto,Pago
VEN_002883,CLI_0685,PROD_0485,2023-09-15,3,388.68,1166.05,0.05,Juan Novaes,Cartão,Pago
VEN_002832,CLI_0246,PROD_0090,2023-09-15,16,469.92,7518.72,0.0,Sr. Antônio Fogaça,Cartão,Pago
VEN_044517,CLI_0891,PROD_0041,2023-09-15,7,265.23,1856.61,0.05,Levi das Neves,Boleto,Pago
VEN_037920,CLI_0406,PROD_0142,2023-09-15,21,372.78,7828.38,0.05,Gustavo Henrique Fernandes,Cartão,Pago
VEN_028725,CLI_0989,PROD_0020,2023-09-15,21,329.44,6918.24,0.0,Vitor da Paz,À vista,Pago
VEN_042569,CLI_0560,PROD_0392,2023-09-15,2,208.34,416.68,0.0,Ana Beatriz Souza,À vista,Pago
VEN_014656,CLI_0523,PROD_0243,2023-09-15,22,120.74,2656.28,0.0,Olivia Costela,Cartão,Pago
VEN_007651,CLI_0889,PROD_0003,2023-09-15,6,17.78,106.65,0.1,Luana Lima,Boleto,Pago
VEN_026078,CLI_0835,PROD_0488,2023-09-15,29,385.64,11183.56,0.0,Mariana da Luz,Cartão,Pago
VEN_006084,CLI_0063,PROD_0451,2023-09-15,5,443.51,2217.54,0.05,Breno das Neves,Boleto,Pago
VEN_049798,CLI_0871,PROD_0355,2023-09-15,23,453.08,10420.92,0.05,Isabelly Lima,À vista,Pago
VEN_030289,CLI_0751,PROD_0431,2023-09-15,24,160.51,3852.29,0.05,Laís Vargas,À vista,Pago
VEN_020991,CLI_0995,PROD_0430,2023-09-15,24,235.1,5642.32,0.05,Ana Carolina Ferreira,Cartão,Pendente
VEN_029313,CLI_0462,PROD_0042,2023-09-15,8,301.53,2412.24,0.05,Dr. Dom Dias,Cartão,Pago
VEN_000698,CLI_0039,PROD_0236,2023-09-15,22,373.02,8206.5,0.15,Théo Alves,Cartão,Pago
VEN_044771,CLI_0929,PROD_0100,2023-09-15,20,337.8,6755.94,0.1,Sabrina Farias,À vista,Pago
VEN_046247,CLI_0487,PROD_0223,2023-09-15,7,320.76,2245.32,0.0,José Miguel Aragão,Transferência,Pago
VEN_017959,CLI_0706,PROD_0157,2023-09-15,11,179.15,1970.65,0.0,Dr. Daniel Cunha,Cartão,Pago
VEN_024313,CLI_0958,PROD_0338,2023-09-15,7,401.62,2811.34,0.0,Dr. Theo Porto,À vista,Pago
VEN_046602,CLI_0518,PROD_0257,2023-09-15,24,6.4,153.6,0.0,Breno da Luz,Cartão,Pago
VEN_013104,CLI_0173,PROD_0188,2023-09-15,2,144.49,288.98,0.15,Davi Lucca Albuquerque,Cartão,Pendente
VEN_014797,CLI_0400,PROD_0071,2023-09-15,5,135.91,679.55,0.0,Catarina Lopes,À vista,Pago
VEN_009211,CLI_0164,PROD_0375,2023-09-15,23,320.38,7368.69,0.05,Henrique Silva,Cartão,Pago
VEN_046586,CLI_0771,PROD_0227,2023-09-15,28,54.9,1537.21,0.05,Erick Câmara,Cartão,Pago
VEN_005169,CLI_0954,PROD_0407,2023-09-15,25,229.5,5737.5,0.0,Maria Júlia Fernandes,Cartão,Pago
VEN_014609,CLI_0765,PROD_0099,2023-09-15,13,68.01,884.13,0.0,Dr. Dom Dias,Transferência,Pago
VEN_017208,CLI_0178,PROD_0397,2023-09-15,10,155.54,1555.4,0.0,Luna Machado,À vista,Pago
VEN_045019,CLI_0539,PROD_0300,2023-09-15,11,15.32,168.52,0.0,Ester Ramos,À vista,Pago
VEN_047012,CLI_0410,PROD_0105,2023-09-15,1,51.23,51.23,0.0,Mateus Albuquerque,À vista,Pendente
VEN_021731,CLI_0114,PROD_0489,2023-09-15,25,496.46,12411.5,0.0,João Miguel Mendonça,Transferência,Pago
VEN_002950,CLI_0077,PROD_0125,2023-09-15,6,246.67,1480.02,0.0,Vinicius da Costa,Cartão,Pago
VEN_013447,CLI_0146,PROD_0069,2023-09-15,11,317.92,3497.18,0.1,Maria Júlia Sampaio,À vista,Atrasado
VEN_043089,CLI_0674,PROD_0309,2023-09-15,24,287.52,6900.55,0.1,Luara Freitas,À vista,Pago
VEN_031556,CLI_0145,PROD_0006,2023-09-15,12,333.05,3996.61,0.05,Maria Fernanda Garcia,Boleto,Pago
VEN_034865,CLI_0484,PROD_0404,2023-09-15,29,327.31,9491.99,0.0,Stephany Silveira,À vista,Pago
VEN_008941,CLI_0794,PROD_0346,2023-09-15,24,21.56,517.54,0.1,Luiz Henrique Brito,Cartão,Pago
VEN_035809,CLI_0243,PROD_0416,2023-09-15,12,449.25,5390.95,0.05,Dr. Vitor Gomes,À vista,Pago
VEN_029996,CLI_0536,PROD_0185,2023-09-15,2,23.66,47.33,0.05,Matteo Montenegro,Cartão,Pago
VEN_047066,CLI_0078,PROD_0025,2023-09-15,28,213.97,5991.16,0.0,Theo Fernandes,À vista,Pago
VEN_009374,CLI_0895,PROD_0399,2023-09-15,1,97.06,97.06,0.05,Otto Duarte,Boleto,Pago
VEN_011127,CLI_0539,PROD_0339,2023-09-16,24,242.89,5829.36,0.0,Dr. Luiz Gustavo da Rocha,Cartão,Pago
VEN_028010,CLI_0134,PROD_0332,2023-09-16,2,191.48,382.96,0.0,João Pedro Novaes,À vista,Pago
VEN_015510,CLI_0031,PROD_0034,2023-09-16,22,123.53,2717.66,0.0,Luana Brito,Cartão,Pago
VEN_042258,CLI_0454,PROD_0143,2023-09-16,23,255.45,5875.35,0.0,Benício Rios,Boleto,Pago
VEN_033577,CLI_0572,PROD_0393,2023-09-16,1,486.33,486.33,0.0,Sr. Kevin da Rosa,À vista,Pago
VEN_002986,CLI_0838,PROD_0142,2023-09-16,15,392.4,5886.0,0.0,Pedro Miguel Nunes,Boleto,Pago
VEN_026253,CLI_0517,PROD_0405,2023-09-16,29,18.99,550.72,0.05,Luara Pereira,Boleto,Pago
VEN_011895,CLI_0105,PROD_0237,2023-09-16,14,125.59,1758.26,0.05,Laura Pimenta,Cartão,Pago
VEN_030438,CLI_0047,PROD_0451,2023-09-16,17,443.51,7539.63,0.05,Sra. Lara Teixeira,Cartão,Pago
VEN_000171,CLI_0025,PROD_0239,2023-09-16,21,340.47,7149.87,0.1,Luiz Miguel Almeida,Boleto,Atrasado
VEN_003345,CLI_0652,PROD_0233,2023-09-16,16,53.1,849.6,0.0,Bruna Rocha,Boleto,Pago
VEN_032985,CLI_0941,PROD_0056,2023-09-16,10,360.61,3606.1,0.0,Dr. Theo Porto,Boleto,Pago
VEN_045660,CLI_0712,PROD_0416,2023-09-16,27,472.89,12768.03,0.0,Júlia Garcia,À vista,Pago
VEN_028145,CLI_0785,PROD_0033,2023-09-16,29,165.46,4798.34,0.0,Sofia Dias,À vista,Pago
VEN_049699,CLI_0153,PROD_0060,2023-09-16,5,299.54,1497.7,0.0,Joaquim Ramos,À vista,Pago
VEN_002548,CLI_0886,PROD_0483,2023-09-16,16,259.06,4144.96,0.0,Dr. Brayan Nascimento,À vista,Pago
VEN_018654,CLI_0396,PROD_0456,2023-09-16,2,327.02,654.04,0.0,Agatha Fernandes,Boleto,Pago
VEN_010579,CLI_0150,PROD_0377,2023-09-16,26,64.11,1666.76,0.05,Levi Vasconcelos,Boleto,Pago
VEN_008073,CLI_0328,PROD_0461,2023-09-16,14,9.11,127.55,0.05,Natália Souza,Boleto,Pago
VEN_022070,CLI_0006,PROD_0489,2023-09-16,27,496.46,13404.42,0.0,Alexandre Fernandes,Cartão,Pago
VEN_009814,CLI_0406,PROD_0357,2023-09-16,8,130.56,1044.48,0.0,Ana Mendes,Cartão,Pago
VEN_014171,CLI_0927,PROD_0037,2023-09-16,5,266.2,1331.0,0.0,Luiz Henrique Brito,À vista,Atrasado
VEN_019661,CLI_0242,PROD_0495,2023-09-16,17,77.7,1320.91,0.05,Bruna Novais,Cartão,Pago
VEN_001383,CLI_0534,PROD_0406,2023-09-16,14,454.61,6364.58,0.05,Henry Costela,Boleto,Pago
VEN_040634,CLI_0164,PROD_0349,2023-09-16,10,193.06,1930.59,0.1,Maria Isis Peixoto,Cartão,Pago
VEN_004965,CLI_0306,PROD_0272,2023-09-16,19,194.62,3697.88,0.1,Natália Pires,Cartão,Pago
VEN_043437,CLI_0154,PROD_0160,2023-09-16,4,296.85,1187.4,0.0,Anthony da Conceição,Boleto,Pendente
VEN_031896,CLI_0629,PROD_0394,2023-09-16,3,221.93,665.78,0.15,Emilly Gomes,Cartão,Pago
VEN_006437,CLI_0252,PROD_0296,2023-09-16,28,118.9,3329.2,0.0,Pedro Garcia,Boleto,Pago
VEN_039606,CLI_0638,PROD_0107,2023-09-16,5,276.82,1384.11,0.1,Pedro Miguel Ferreira,Cartão,Pago
VEN_031595,CLI_0260,PROD_0334,2023-09-16,13,307.24,3994.12,0.0,Brayan Oliveira,Transferência,Pago
VEN_007457,CLI_0113,PROD_0282,2023-09-16,13,306.45,3983.85,0.0,Milena da Rosa,Cartão,Pago
VEN_007407,CLI_0213,PROD_0154,2023-09-16,10,357.36,3573.6,0.0,Dra. Luna Correia,Cartão,Pago
VEN_014922,CLI_0248,PROD_0226,2023-09-16,20,128.8,2576.0,0.0,Sr. Davi Lucca Araújo,Cartão,Pago
VEN_049974,CLI_0743,PROD_0499,2023-09-16,26,200.06,5201.59,0.1,Henrique Silva,À vista,Atrasado
VEN_016002,CLI_0661,PROD_0393,2023-09-16,19,437.7,8316.24,0.1,Henrique Silva,Boleto,Pago
VEN_031167,CLI_0532,PROD_0463,2023-09-16,16,362.33,5797.27,0.15,Dr. Pietro da Mata,À vista,Pago
VEN_005290,CLI_0587,PROD_0360,2023-09-16,25,407.69,10192.25,0.0,Evelyn Silva,À vista,Pago
VEN_045220,CLI_0164,PROD_0397,2023-09-16,1,155.54,155.54,0.0,Vinícius Dias,Cartão,Pago
VEN_040189,CLI_0055,PROD_0138,2023-09-16,13,58.51,760.63,0.0,Emanuella Barros,Cartão,Pago
VEN_013757,CLI_0434,PROD_0227,2023-09-16,6,54.9,329.4,0.05,Dr. Rafael Pires,À vista,Pendente
VEN_030135,CLI_0796,PROD_0143,2023-09-16,12,255.45,3065.4,0.0,Gael Aragão,Transferência,Pago
VEN_002324,CLI_0965,PROD_0188,2023-09-16,25,152.99,3824.78,0.1,Beatriz Pereira,Transferência,Pago
VEN_016453,CLI_0801,PROD_0039,2023-09-16,27,497.6,13435.2,0.0,Cauã da Conceição,Cartão,Pago
VEN_047484,CLI_0442,PROD_0231,2023-09-16,23,259.68,5972.52,0.15,Sr. Matteo Brito,À vista,Pago
VEN_019280,CLI_0298,PROD_0352,2023-09-16,21,13.14,275.94,0.0,Gustavo Henrique Souza,Cartão,Pago
VEN_044365,CLI_0730,PROD_0030,2023-09-16,10,243.48,2434.85,0.05,Camila Dias,À vista,Pago
VEN_011518,CLI_0713,PROD_0087,2023-09-16,5,115.35,576.75,0.0,Ana Júlia Cavalcante,Cartão,Pago
VEN_031917,CLI_0060,PROD_0250,2023-09-16,13,329.36,4281.62,0.05,Pedro Henrique Campos,À vista,Pago
VEN_040015,CLI_0519,PROD_0146,2023-09-16,4,384.81,1539.23,0.05,Dr. João Miguel Caldeira,À vista,Pago
VEN_007714,CLI_0912,PROD_0401,2023-09-16,4,447.54,1790.18,0.05,Luísa Pinto,Cartão,Pendente
VEN_027739,CLI_0754,PROD_0284,2023-09-16,26,7.22,187.67,0.1,Gabrielly Porto,Boleto,Pago
VEN_016730,CLI_0515,PROD_0071,2023-09-16,6,135.91,815.46,0.0,Luigi Moura,Cartão,Pago
VEN_003877,CLI_0146,PROD_0009,2023-09-16,29,486.69,14114.01,0.0,Allana Albuquerque,Boleto,Pago
VEN_029270,CLI_0548,PROD_0392,2023-09-16,28,208.34,5833.52,0.0,João Miguel Pimenta,À vista,Pago
VEN_014638,CLI_0501,PROD_0336,2023-09-16,17,187.08,3180.36,0.0,Thomas Andrade,Boleto,Pago
VEN_028205,CLI_0340,PROD_0384,2023-09-16,23,59.14,1360.2,0.1,Melissa Melo,À vista,Atrasado
VEN_007752,CLI_0755,PROD_0001,2023-09-16,27,334.86,9041.3,0.1,Sara Santos,Boleto,Pago
VEN_033875,CLI_0230,PROD_0109,2023-09-16,28,113.19,3169.4,0.1,Ana Lívia Ferreira,Cartão,Pago
VEN_035588,CLI_0415,PROD_0470,2023-09-16,24,293.32,7039.68,0.0,Vitória Gonçalves,À vista,Atrasado
VEN_027606,CLI_0280,PROD_0321,2023-09-16,3,375.89,1127.66,0.05,Josué Mendes,À vista,Pago
VEN_037497,CLI_0354,PROD_0079,2023-09-17,15,68.09,1021.35,0.0,Mariah Duarte,Cartão,Pago
VEN_021983,CLI_0012,PROD_0287,2023-09-17,24,188.18,4516.32,0.0,Pedro Henrique Albuquerque,À vista,Pago
VEN_015139,CLI_0531,PROD_0088,2023-09-17,20,367.92,7358.45,0.15,Felipe Santos,Boleto,Pago
VEN_029383,CLI_0325,PROD_0107,2023-09-17,25,292.2,7305.02,0.05,Dr. Mateus Vieira,À vista,Pago
VEN_030698,CLI_0556,PROD_0413,2023-09-17,3,121.5,364.49,0.05,Luara Freitas,Boleto,Pendente
VEN_024230,CLI_0287,PROD_0057,2023-09-17,26,291.69,7583.94,0.0,Pedro Oliveira,À vista,Pago
VEN_037414,CLI_0677,PROD_0421,2023-09-17,17,287.29,4883.93,0.0,Sr. Enrico Gonçalves,Transferência,Pago
VEN_035710,CLI_0058,PROD_0291,2023-09-17,13,175.86,2286.18,0.0,Sra. Maria Flor Costa,Boleto,Pago
VEN_041321,CLI_0201,PROD_0288,2023-09-17,18,42.34,762.21,0.1,Vicente Carvalho,Cartão,Pago
VEN_005540,CLI_0279,PROD_0204,2023-09-17,22,499.46,10988.12,0.0,Julia Pacheco,Transferência,Pago
VEN_038968,CLI_0200,PROD_0324,2023-09-17,6,484.01,2904.06,0.0,Luan da Rocha,Cartão,Pago
VEN_005021,CLI_0144,PROD_0484,2023-09-17,7,338.02,2366.14,0.0,Sra. Alana Fogaça,À vista,Pago
VEN_032044,CLI_0220,PROD_0288,2023-09-17,18,47.05,846.9,0.0,João Miguel da Mota,Boleto,Pago
VEN_026584,CLI_0883,PROD_0498,2023-09-17,29,337.65,9791.85,0.0,Evelyn Gonçalves,À vista,Pago
VEN_029772,CLI_0233,PROD_0253,2023-09-17,9,299.76,2697.87,0.1,Luan Rezende,À vista,Pendente
VEN_045338,CLI_0965,PROD_0167,2023-09-17,30,344.79,10343.7,0.0,Rafaela Andrade,Transferência,Pendente
VEN_027615,CLI_0680,PROD_0155,2023-09-17,24,114.69,2752.56,0.0,Sr. Rael Sousa,Boleto,Pago
VEN_009019,CLI_0113,PROD_0267,2023-09-17,4,134.07,536.29,0.05,Emanuella Gonçalves,Cartão,Pago
VEN_047166,CLI_0544,PROD_0153,2023-09-17,6,206.18,1237.08,0.0,Calebe da Cunha,Cartão,Pago
VEN_001803,CLI_0745,PROD_0143,2023-09-17,5,255.45,1277.25,0.0,Giovanna Sá,Cartão,Pago
VEN_048999,CLI_0381,PROD_0449,2023-09-17,4,477.88,1911.52,0.0,Dra. Raquel Camargo,Boleto,Pago
VEN_045800,CLI_0878,PROD_0053,2023-09-17,20,87.32,1746.4,0.0,Sabrina Lopes,À vista,Pago
VEN_009593,CLI_0411,PROD_0107,2023-09-17,27,307.58,8304.66,0.0,Henry Aparecida,Boleto,Pago
VEN_002428,CLI_0943,PROD_0182,2023-09-17,15,378.47,5677.06,0.15,Dom Novais,Boleto,Pago
VEN_031898,CLI_0389,PROD_0274,2023-09-17,12,218.78,2625.36,0.0,Raquel Jesus,Cartão,Atrasado
VEN_013268,CLI_0886,PROD_0086,2023-09-17,28,103.79,2906.12,0.0,Noah Macedo,Cartão,Pago
VEN_044363,CLI_0046,PROD_0315,2023-09-17,15,409.48,6142.23,0.1,Vitória Gonçalves,À vista,Pago
VEN_027947,CLI_0183,PROD_0117,2023-09-17,6,315.24,1891.44,0.0,Bernardo Araújo,À vista,Pago
VEN_006129,CLI_0940,PROD_0338,2023-09-17,28,361.46,10120.82,0.1,Levi da Paz,Boleto,Pago
VEN_002441,CLI_0394,PROD_0164,2023-09-17,25,437.0,10925.0,0.0,Luiz Gustavo Lopes,Cartão,Pago
VEN_017948,CLI_0480,PROD_0237,2023-09-17,23,132.2,3040.6,0.0,Esther da Cruz,Boleto,Pago
VEN_025552,CLI_0393,PROD_0311,2023-09-17,10,267.98,2679.75,0.1,Eloah Fernandes,Boleto,Pago
VEN_031570,CLI_0794,PROD_0009,2023-09-17,29,486.69,14114.01,0.0,Maria Flor Jesus,Cartão,Pago
VEN_049929,CLI_0460,PROD_0215,2023-09-17,14,387.33,5422.66,0.1,João Pedro Macedo,À vista,Pago
VEN_031201,CLI_0548,PROD_0207,2023-09-17,10,184.84,1848.42,0.05,Raquel Fonseca,Boleto,Pago
VEN_038045,CLI_0875,PROD_0040,2023-09-17,23,64.9,1492.7,0.0,Aurora Moraes,Boleto,Pago
VEN_022242,CLI_0721,PROD_0478,2023-09-17,29,226.14,6558.06,0.0,Enzo Gabriel Ribeiro,Cartão,Pago
VEN_033870,CLI_0815,PROD_0434,2023-09-17,9,117.63,1058.67,0.0,Sophia Fonseca,Cartão,Pago
VEN_025813,CLI_0418,PROD_0224,2023-09-17,12,428.54,5142.54,0.05,Dr. Luigi Dias,À vista,Pago
VEN_038062,CLI_0704,PROD_0140,2023-09-17,18,298.09,5365.62,0.0,Dra. Carolina da Mata,Cartão,Pago
VEN_034043,CLI_0655,PROD_0082,2023-09-17,11,432.98,4762.78,0.0,Dr. Marcelo da Costa,Cartão,Pago
VEN_002137,CLI_0499,PROD_0130,2023-09-17,12,109.77,1317.24,0.0,Otto Duarte,Cartão,Pago
VEN_037085,CLI_0679,PROD_0479,2023-09-17,5,35.57,177.85,0.0,João Felipe Pimenta,À vista,Pendente
VEN_040058,CLI_0122,PROD_0472,2023-09-17,20,205.68,4113.6,0.0,Thales Monteiro,À vista,Pago
VEN_012288,CLI_0052,PROD_0487,2023-09-17,15,493.14,7397.1,0.0,Gustavo Henrique Casa Grande,Cartão,Pago
VEN_016010,CLI_0691,PROD_0051,2023-09-17,5,364.47,1822.36,0.1,Otto Duarte,Transferência,Pago
VEN_034629,CLI_0082,PROD_0028,2023-09-17,16,164.72,2635.53,0.05,Breno Farias,Boleto,Pago
VEN_016049,CLI_0138,PROD_0318,2023-09-17,22,292.35,6431.63,0.1,Luara Freitas,Transferência,Pago
VEN_048581,CLI_0463,PROD_0084,2023-09-17,29,432.71,12548.59,0.0,Dr. Enzo Lopes,Boleto,Pago
VEN_047558,CLI_0812,PROD_0436,2023-09-17,20,411.72,8234.4,0.0,Sra. Sabrina Costela,Cartão,Pendente
VEN_034162,CLI_0595,PROD_0496,2023-09-17,15,385.41,5781.08,0.05,Sarah da Cruz,Transferência,Pago
VEN_022268,CLI_0985,PROD_0204,2023-09-17,29,499.46,14484.34,0.0,Matheus da Paz,Cartão,Atrasado
VEN_006507,CLI_0240,PROD_0091,2023-09-17,2,248.53,497.06,0.15,Maitê Lopes,Cartão,Pago
VEN_018818,CLI_0274,PROD_0353,2023-09-17,8,217.47,1739.76,0.0,Ana Lívia Ferreira,Boleto,Pago
VEN_013952,CLI_0977,PROD_0116,2023-09-17,16,358.27,5732.38,0.05,Cecilia Pereira,À vista,Pago
VEN_047361,CLI_0831,PROD_0297,2023-09-17,22,201.55,4434.1,0.0,Sr. Enrico Gonçalves,Cartão,Pago
VEN_042495,CLI_0534,PROD_0406,2023-09-17,16,430.69,6890.98,0.1,Carolina Cunha,Boleto,Pago
VEN_012863,CLI_0207,PROD_0308,2023-09-17,8,378.45,3027.6,0.0,Joana Fonseca,Boleto,Pago
VEN_022879,CLI_0854,PROD_0164,2023-09-17,23,437.0,10051.0,0.0,Sara Montenegro,À vista,Pago
VEN_040779,CLI_0606,PROD_0398,2023-09-17,2,402.9,805.8,0.15,Vinícius Dias,À vista,Pago
VEN_032241,CLI_0305,PROD_0385,2023-09-17,19,225.33,4281.27,0.0,Rhavi Ribeiro,À vista,Pago
VEN_047221,CLI_0533,PROD_0283,2023-09-17,4,89.59,358.38,0.05,Benício Rios,Cartão,Pago
VEN_048423,CLI_0297,PROD_0251,2023-09-17,8,51.47,411.77,0.05,Pietro Viana,À vista,Pago
VEN_042430,CLI_0430,PROD_0353,2023-09-17,16,217.47,3479.52,0.0,Sr. Henrique Montenegro,À vista,Pago
VEN_013334,CLI_0003,PROD_0055,2023-09-17,9,146.2,1315.8,0.0,Srta. Bárbara Mendes,Transferência,Pago
VEN_008013,CLI_0050,PROD_0424,2023-09-17,5,189.73,948.65,0.0,Luan Pinto,Cartão,Pago
VEN_042778,CLI_0176,PROD_0427,2023-09-17,15,208.09,3121.34,0.1,Diogo Macedo,À vista,Pago
VEN_030092,CLI_0288,PROD_0466,2023-09-17,3,292.05,876.15,0.05,Apollo Sousa,Boleto,Pago
VEN_035178,CLI_0143,PROD_0378,2023-09-17,6,194.51,1167.06,0.0,Ravi Lucca Novais,À vista,Pago
VEN_017679,CLI_0886,PROD_0009,2023-09-17,29,486.69,14114.01,0.0,Isabel Pereira,À vista,Pago
VEN_025776,CLI_0011,PROD_0147,2023-09-17,16,372.37,5957.86,0.1,Pedro Henrique Caldeira,Transferência,Pago
VEN_000286,CLI_0448,PROD_0500,2023-09-17,5,254.43,1272.15,0.0,Srta. Maria Luiza Campos,Boleto,Pago
VEN_009933,CLI_0419,PROD_0007,2023-09-17,28,55.59,1556.52,0.0,Leonardo Nunes,Boleto,Pago
VEN_007771,CLI_0932,PROD_0093,2023-09-17,11,467.59,5143.49,0.05,Ana Vitória Pires,Cartão,Pago
VEN_049360,CLI_1000,PROD_0275,2023-09-17,28,34.69,971.32,0.0,Gael Henrique Moreira,À vista,Pago
VEN_040496,CLI_0971,PROD_0230,2023-09-17,24,373.86,8972.64,0.0,Milena Viana,À vista,Pago
VEN_023161,CLI_0174,PROD_0379,2023-09-17,18,227.71,4098.78,0.0,Isabel Pereira,À vista,Pago
VEN_033824,CLI_0264,PROD_0002,2023-09-17,4,371.63,1486.52,0.0,Hellena Pereira,Cartão,Pago
VEN_025693,CLI_0898,PROD_0087,2023-09-18,18,103.82,1868.67,0.1,Vinícius Porto,Cartão,Atrasado
VEN_040026,CLI_0351,PROD_0420,2023-09-18,14,186.06,2604.84,0.0,João Pedro Ramos,Boleto,Pago
VEN_011275,CLI_0182,PROD_0022,2023-09-18,2,374.77,749.54,0.0,Emanuella Rodrigues,À vista,Pago
VEN_046705,CLI_0588,PROD_0411,2023-09-18,11,118.43,1302.7,0.05,Liam Jesus,Boleto,Pago
VEN_047877,CLI_0736,PROD_0283,2023-09-18,14,84.88,1188.31,0.1,Anthony Pires,Cartão,Pago
VEN_010939,CLI_0268,PROD_0300,2023-09-18,20,13.79,275.76,0.1,Juliana Moraes,Cartão,Pago
VEN_040635,CLI_0247,PROD_0422,2023-09-18,5,196.24,981.2,0.0,Lucas Gabriel Moreira,Boleto,Pago
VEN_013580,CLI_0644,PROD_0455,2023-09-18,6,489.07,2934.42,0.0,Srta. Ayla Sampaio,À vista,Pendente
VEN_021308,CLI_0487,PROD_0413,2023-09-18,26,127.89,3325.14,0.0,Aurora Caldeira,Cartão,Pago
VEN_011281,CLI_0967,PROD_0337,2023-09-18,1,370.66,370.66,0.05,Luiz Henrique Rocha,Cartão,Pago
VEN_046424,CLI_0006,PROD_0088,2023-09-18,6,389.57,2337.39,0.1,Matheus Machado,À vista,Pago
VEN_037003,CLI_0096,PROD_0439,2023-09-18,9,365.06,3285.54,0.0,Pedro Lucas Barros,Cartão,Pago
VEN_017599,CLI_0485,PROD_0456,2023-09-18,23,327.02,7521.46,0.0,Dr. João Guilherme Albuquerque,Cartão,Pago
VEN_032326,CLI_0808,PROD_0461,2023-09-18,26,9.11,236.87,0.05,Vitor Gabriel Cunha,À vista,Pago
VEN_047963,CLI_0052,PROD_0278,2023-09-18,10,261.96,2619.63,0.1,Kaique Correia,Cartão,Pago
VEN_048093,CLI_0861,PROD_0286,2023-09-18,26,267.59,6957.34,0.0,Henrique Moraes,Cartão,Pendente
VEN_017654,CLI_0252,PROD_0455,2023-09-18,24,489.07,11737.68,0.0,Bruno Macedo,Cartão,Pago
VEN_047917,CLI_0758,PROD_0124,2023-09-18,4,271.42,1085.68,0.0,Camila Dias,Cartão,Pago
VEN_036901,CLI_0332,PROD_0399,2023-09-18,9,102.17,919.53,0.0,Sra. Maria Luísa da Rosa,Boleto,Pago
VEN_002240,CLI_0386,PROD_0493,2023-09-18,16,440.42,7046.64,0.1,Gustavo Henrique da Cunha,Cartão,Atrasado
VEN_000790,CLI_0812,PROD_0481,2023-09-18,11,62.54,687.94,0.0,Pedro Miguel Nunes,À vista,Pago
VEN_024347,CLI_0355,PROD_0007,2023-09-18,16,55.59,889.44,0.0,Sr. Asafe Gonçalves,À vista,Pendente
VEN_045915,CLI_0536,PROD_0047,2023-09-18,30,236.18,7085.4,0.0,João Pedro Almeida,Boleto,Pago
VEN_023087,CLI_0253,PROD_0428,2023-09-18,9,419.43,3774.84,0.1,Ana Lívia da Mota,Cartão,Pago
VEN_010336,CLI_0116,PROD_0362,2023-09-18,10,389.21,3892.1,0.0,Antônio da Cunha,Cartão,Pago
VEN_013783,CLI_0993,PROD_0224,2023-09-18,3,451.1,1353.3,0.0,Ana Beatriz Souza,Boleto,Pago
VEN_003236,CLI_0233,PROD_0180,2023-09-18,21,222.38,4669.98,0.0,Ravi Lucca Novais,Cartão,Pago
VEN_026580,CLI_0795,PROD_0039,2023-09-18,12,497.6,5971.2,0.0,Henry Aparecida,Transferência,Pago
VEN_032361,CLI_0301,PROD_0426,2023-09-18,11,24.26,266.86,0.0,Isabela Porto,Cartão,Pago
VEN_045689,CLI_0493,PROD_0068,2023-09-18,20,440.24,8804.8,0.0,Maria Flor Ferreira,Transferência,Pago
VEN_025501,CLI_0238,PROD_0139,2023-09-18,12,454.47,5453.64,0.0,Pedro Henrique Campos,Cartão,Pago
VEN_002348,CLI_0744,PROD_0425,2023-09-18,20,103.53,2070.6,0.0,Rafael Araújo,À vista,Pago
VEN_005086,CLI_0396,PROD_0063,2023-09-18,1,137.36,137.36,0.15,Raquel Jesus,Boleto,Pago
VEN_033672,CLI_0321,PROD_0323,2023-09-18,3,170.01,510.03,0.0,Dr. Davi Miguel Rezende,À vista,Pago
VEN_028426,CLI_0221,PROD_0484,2023-09-18,27,338.02,9126.54,0.0,Larissa da Mata,Cartão,Pago
VEN_000174,CLI_0047,PROD_0171,2023-09-18,12,140.54,1686.53,0.1,Isabel Pereira,À vista,Pendente
VEN_049833,CLI_0645,PROD_0393,2023-09-18,27,437.7,11817.82,0.1,Ravy Fonseca,À vista,Pago
VEN_038683,CLI_0648,PROD_0307,2023-09-18,18,381.31,6863.58,0.0,Catarina Melo,Boleto,Pago
VEN_027217,CLI_0057,PROD_0362,2023-09-18,16,389.21,6227.36,0.0,Raquel Jesus,Cartão,Pago
VEN_007807,CLI_0429,PROD_0049,2023-09-18,22,89.86,1976.83,0.1,Dra. Isabel Castro,À vista,Pendente
VEN_042666,CLI_0806,PROD_0420,2023-09-18,22,176.76,3888.65,0.05,Cauã Vasconcelos,Transferência,Pago
VEN_018704,CLI_0344,PROD_0148,2023-09-18,22,135.92,2990.16,0.05,Mathias Jesus,À vista,Pendente
VEN_038619,CLI_0134,PROD_0298,2023-09-18,7,460.98,3226.86,0.0,João Guilherme Barbosa,À vista,Pago
VEN_001648,CLI_0915,PROD_0019,2023-09-18,30,109.44,3283.2,0.0,Srta. Hellena Rezende,À vista,Pendente
VEN_015593,CLI_0196,PROD_0138,2023-09-18,25,58.51,1462.75,0.0,Carlos Eduardo da Rosa,Transferência,Pago
VEN_005961,CLI_0311,PROD_0278,2023-09-18,10,291.07,2910.7,0.0,Maria Fernanda Garcia,Cartão,Pago
VEN_033897,CLI_0280,PROD_0056,2023-09-18,20,360.61,7212.2,0.0,Vicente Carvalho,Cartão,Pago
VEN_027162,CLI_0923,PROD_0463,2023-09-18,30,426.27,12788.1,0.0,Gustavo Henrique Souza,À vista,Pago
VEN_018990,CLI_0488,PROD_0211,2023-09-18,30,435.5,13065.0,0.0,Gabrielly Macedo,Boleto,Pago
VEN_042960,CLI_0331,PROD_0335,2023-09-18,27,269.34,7272.18,0.0,Antony Silveira,À vista,Pago
VEN_006667,CLI_0177,PROD_0283,2023-09-18,14,94.31,1320.34,0.0,Ana Carolina Ferreira,Cartão,Pago
VEN_038180,CLI_0982,PROD_0049,2023-09-18,12,99.84,1198.08,0.0,Davi Lucas Novaes,Cartão,Pago
VEN_016128,CLI_0016,PROD_0162,2023-09-18,25,12.0,300.0,0.0,Ana Lívia Lima,Cartão,Pago
VEN_006906,CLI_0182,PROD_0097,2023-09-18,29,160.39,4651.31,0.0,Emilly Castro,À vista,Pago
VEN_038294,CLI_0443,PROD_0262,2023-09-18,24,268.97,6455.38,0.1,Ana Mendes,Cartão,Pago
VEN_048686,CLI_0406,PROD_0266,2023-09-18,8,450.14,3601.12,0.0,Laís Vasconcelos,À vista,Pago
VEN_030355,CLI_0886,PROD_0157,2023-09-18,22,179.15,3941.3,0.0,Ravi Ribeiro,Boleto,Pago
VEN_021560,CLI_0546,PROD_0490,2023-09-18,29,38.01,1102.35,0.15,Rhavi Rios,À vista,Pago
VEN_025277,CLI_0283,PROD_0480,2023-09-18,12,270.65,3247.8,0.0,Sr. Levi Silveira,Boleto,Pago
VEN_018791,CLI_0571,PROD_0472,2023-09-18,21,205.68,4319.28,0.0,Antônio Borges,À vista,Pago
VEN_007275,CLI_0277,PROD_0076,2023-09-18,21,371.91,7810.11,0.0,Cauã da Conceição,Boleto,Pago
VEN_015847,CLI_0504,PROD_0465,2023-09-18,15,369.63,5544.45,0.0,Dr. João Guilherme Albuquerque,À vista,Pago
VEN_048726,CLI_0765,PROD_0128,2023-09-18,15,268.19,4022.87,0.1,Benício Nunes,Cartão,Pago
VEN_048737,CLI_0483,PROD_0189,2023-09-18,7,208.76,1461.32,0.0,Sr. João Jesus,Cartão,Pago
VEN_025554,CLI_0102,PROD_0011,2023-09-18,5,39.43,197.15,0.0,Sra. Ana Júlia Andrade,Boleto,Pendente
VEN_028143,CLI_0567,PROD_0088,2023-09-18,22,411.21,9046.56,0.05,João Miguel Novaes,Boleto,Pago
VEN_011977,CLI_0499,PROD_0449,2023-09-18,13,453.99,5901.82,0.05,Eloah Sousa,À vista,Pago
VEN_000465,CLI_0894,PROD_0127,2023-09-18,8,460.17,3681.36,0.0,Cecilia Alves,À vista,Pendente
VEN_041602,CLI_0407,PROD_0208,2023-09-18,16,373.63,5978.08,0.0,Anthony Gabriel Silva,Transferência,Pago
VEN_027428,CLI_0161,PROD_0249,2023-09-18,9,54.02,486.18,0.0,Sra. Antonella Rocha,À vista,Pago
VEN_038980,CLI_0006,PROD_0076,2023-09-18,6,371.91,2231.46,0.0,Alexandre Costa,À vista,Pago
VEN_035745,CLI_0183,PROD_0002,2023-09-18,15,315.89,4738.28,0.15,Paulo da Rosa,Boleto,Pago
VEN_047788,CLI_0429,PROD_0179,2023-09-18,15,34.52,517.8,0.0,Mateus Peixoto,Cartão,Pago
VEN_019886,CLI_0451,PROD_0238,2023-09-18,14,435.85,6101.9,0.0,Vicente Carvalho,Cartão,Pago
VEN_008377,CLI_0491,PROD_0014,2023-09-18,27,319.9,8637.38,0.05,Natália Pires,Boleto,Pago
VEN_021917,CLI_0526,PROD_0002,2023-09-18,17,353.05,6001.82,0.05,Ana Gomes,À vista,Pago
VEN_031303,CLI_0158,PROD_0267,2023-09-18,23,141.13,3245.99,0.0,Sr. Vitor Gabriel Macedo,Cartão,Pago
VEN_005426,CLI_0917,PROD_0369,2023-09-18,26,401.57,10440.82,0.0,Sr. Matteo Mendes,Cartão,Pago
VEN_045184,CLI_0958,PROD_0222,2023-09-18,29,118.0,3421.99,0.05,Ana Melo,Cartão,Pago
VEN_041421,CLI_0049,PROD_0408,2023-09-18,15,244.7,3670.5,0.0,João Pedro Macedo,Cartão,Pendente
VEN_023124,CLI_0806,PROD_0025,2023-09-19,8,213.97,1711.76,0.0,Dra. Zoe Ramos,Cartão,Pago
VEN_039315,CLI_0380,PROD_0128,2023-09-19,9,283.09,2547.81,0.05,Kevin Silveira,À vista,Pendente
VEN_014852,CLI_0922,PROD_0288,2023-09-19,16,47.05,752.8,0.0,Théo Pinto,Cartão,Atrasado
VEN_033431,CLI_0120,PROD_0490,2023-09-19,30,40.25,1207.44,0.1,Sr. Benjamin Barros,Boleto,Pago
VEN_000547,CLI_0226,PROD_0229,2023-09-19,12,7.66,91.9,0.15,Marcelo Machado,Boleto,Pago
VEN_023751,CLI_0705,PROD_0106,2023-09-19,15,363.82,5457.38,0.1,Aurora Moraes,À vista,Pago
VEN_022506,CLI_0976,PROD_0047,2023-09-19,4,236.18,944.72,0.0,Maria Luísa Campos,À vista,Atrasado
VEN_010849,CLI_0071,PROD_0305,2023-09-19,26,453.43,11789.18,0.0,Calebe Camargo,Cartão,Pago
VEN_029509,CLI_0817,PROD_0286,2023-09-19,10,267.59,2675.9,0.0,Isabela Vasconcelos,Cartão,Pago
VEN_030601,CLI_0921,PROD_0365,2023-09-19,14,377.88,5290.32,0.0,Liz Santos,Cartão,Pago
VEN_036782,CLI_0548,PROD_0061,2023-09-19,20,471.09,9421.8,0.0,Sofia Dias,À vista,Pago
VEN_030162,CLI_0974,PROD_0138,2023-09-19,10,58.51,585.1,0.0,Augusto Cardoso,À vista,Pago
VEN_026057,CLI_0735,PROD_0114,2023-09-19,13,424.22,5514.89,0.05,Sara da Cunha,Boleto,Pago
VEN_046689,CLI_0521,PROD_0412,2023-09-19,2,50.27,100.55,0.05,Mariana Azevedo,Boleto,Pago
VEN_037184,CLI_0707,PROD_0305,2023-09-19,26,408.09,10610.26,0.1,Maria Alice Ribeiro,Cartão,Pago
VEN_039297,CLI_0522,PROD_0351,2023-09-19,28,32.48,909.47,0.1,Maysa Lima,À vista,Pago
VEN_023717,CLI_0860,PROD_0027,2023-09-19,17,343.67,5842.42,0.05,Antony Mendes,Cartão,Pendente
VEN_007500,CLI_0203,PROD_0126,2023-09-19,30,171.38,5141.4,0.0,Diego Câmara,Boleto,Pago
VEN_046015,CLI_0970,PROD_0314,2023-09-19,17,256.0,4352.0,0.0,Manuela Sá,Boleto,Pago
VEN_008662,CLI_0001,PROD_0144,2023-09-19,24,54.38,1305.07,0.05,Lucas Gabriel Moreira,À vista,Pago
VEN_010203,CLI_0757,PROD_0437,2023-09-19,22,14.37,316.14,0.0,Henrique Ribeiro,Cartão,Pago
VEN_013466,CLI_0458,PROD_0386,2023-09-19,16,176.98,2831.68,0.0,Dr. Vitor Hugo da Conceição,Boleto,Pago
VEN_033327,CLI_0511,PROD_0374,2023-09-19,6,133.85,803.13,0.05,Sr. Carlos Eduardo da Mata,Transferência,Pago
VEN_036989,CLI_0038,PROD_0057,2023-09-19,13,262.52,3412.77,0.1,Cecilia Vargas,Cartão,Pago
VEN_019150,CLI_0943,PROD_0296,2023-09-19,7,118.9,832.3,0.0,Joaquim Melo,Cartão,Pago
VEN_012430,CLI_0674,PROD_0046,2023-09-19,6,51.69,310.14,0.0,Sr. Yan Moura,Boleto,Atrasado
VEN_016157,CLI_0632,PROD_0179,2023-09-19,11,29.34,322.76,0.15,Dr. Rhavi Jesus,Cartão,Pago
VEN_046331,CLI_0432,PROD_0301,2023-09-19,16,416.85,6669.6,0.0,Benício Novais,Transferência,Pendente
VEN_010661,CLI_0494,PROD_0099,2023-09-19,26,68.01,1768.26,0.0,João Gabriel Jesus,À vista,Pendente
VEN_011310,CLI_0012,PROD_0305,2023-09-19,25,453.43,11335.75,0.0,Sophie Andrade,Cartão,Pago
VEN_029272,CLI_0132,PROD_0258,2023-09-19,19,129.07,2452.33,0.0,Sr. Caio Montenegro,À vista,Atrasado
VEN_032560,CLI_0818,PROD_0251,2023-09-19,27,48.76,1316.57,0.1,Dr. Eduardo Moreira,Cartão,Pago
VEN_005116,CLI_0548,PROD_0372,2023-09-19,19,360.24,6844.56,0.0,Melina Macedo,Cartão,Pago
VEN_047054,CLI_0574,PROD_0053,2023-09-19,5,82.95,414.77,0.05,Noah Moreira,Transferência,Pago
VEN_020215,CLI_0063,PROD_0486,2023-09-19,6,214.73,1288.38,0.0,Evelyn Macedo,Cartão,Atrasado
VEN_006306,CLI_0945,PROD_0393,2023-09-19,10,437.7,4376.97,0.1,Maysa da Conceição,Cartão,Pago
VEN_049953,CLI_0838,PROD_0166,2023-09-19,14,370.76,5190.57,0.1,Matheus da Paz,Boleto,Pago
VEN_003951,CLI_0103,PROD_0020,2023-09-19,19,329.44,6259.36,0.0,João Cavalcanti,Cartão,Pendente
VEN_006279,CLI_0876,PROD_0444,2023-09-19,30,116.31,3489.3,0.0,Raquel Jesus,À vista,Pago
VEN_029297,CLI_0278,PROD_0344,2023-09-19,2,497.29,994.58,0.0,Sr. Caio Montenegro,À vista,Pago
VEN_023784,CLI_0905,PROD_0209,2023-09-19,29,494.26,14333.54,0.0,Rael Teixeira,Cartão,Pendente
VEN_040143,CLI_0199,PROD_0382,2023-09-19,10,196.56,1965.6,0.0,Srta. Carolina Monteiro,À vista,Pago
VEN_010357,CLI_0141,PROD_0078,2023-09-19,16,22.83,365.28,0.0,Mathias Jesus,Cartão,Pago
VEN_033979,CLI_0276,PROD_0270,2023-09-19,11,433.42,4767.62,0.0,Liam Jesus,Transferência,Pago
VEN_022949,CLI_0283,PROD_0077,2023-09-19,2,54.34,108.68,0.1,João Pedro Macedo,Cartão,Pago
VEN_041283,CLI_0959,PROD_0219,2023-09-19,6,339.23,2035.36,0.15,Antônio da Cunha,À vista,Pago
VEN_006170,CLI_0102,PROD_0489,2023-09-19,21,446.81,9383.09,0.1,Théo Pinto,Transferência,Pago
VEN_003947,CLI_0182,PROD_0017,2023-09-19,5,343.88,1719.4,0.0,Emanuella Rodrigues,À vista,Pendente
VEN_013389,CLI_0195,PROD_0407,2023-09-19,29,229.5,6655.5,0.0,Ana Carolina Costela,À vista,Pago
VEN_004769,CLI_0134,PROD_0109,2023-09-19,28,119.48,3345.48,0.05,Heloísa Novaes,À vista,Pago
VEN_035307,CLI_0431,PROD_0302,2023-09-19,7,125.44,878.08,0.0,Murilo Pastor,Transferência,Pago
VEN_040815,CLI_0143,PROD_0464,2023-09-19,23,81.16,1866.65,0.05,Mateus Costa,Cartão,Pago
VEN_027611,CLI_0175,PROD_0080,2023-09-19,26,103.54,2692.05,0.05,Vitor Gabriel Cardoso,Cartão,Pago
VEN_020363,CLI_0264,PROD_0280,2023-09-19,13,363.37,4723.75,0.05,Daniel Andrade,À vista,Pago
VEN_018368,CLI_0526,PROD_0063,2023-09-19,15,161.6,2424.0,0.0,Maitê Mendes,À vista,Pago
VEN_015503,CLI_0848,PROD_0397,2023-09-19,14,139.99,1959.8,0.1,Rhavi da Conceição,Cartão,Atrasado
VEN_024466,CLI_0646,PROD_0256,2023-09-19,2,407.46,814.92,0.0,Théo Freitas,Cartão,Pago
VEN_045586,CLI_0088,PROD_0274,2023-09-19,12,185.96,2231.56,0.15,Sra. Eloah da Mota,Boleto,Pago
VEN_019823,CLI_0595,PROD_0172,2023-09-19,4,314.63,1258.52,0.0,Luiz Henrique da Cruz,À vista,Pago
VEN_028194,CLI_0573,PROD_0082,2023-09-19,15,432.98,6494.7,0.0,Enzo Gabriel Pastor,Cartão,Pago
VEN_000673,CLI_0517,PROD_0134,2023-09-19,18,451.31,8123.53,0.05,Mateus Albuquerque,Cartão,Pago
VEN_028004,CLI_0614,PROD_0024,2023-09-19,6,341.2,2047.19,0.1,Sra. Maria Flor Costa,Cartão,Pago
VEN_045681,CLI_0698,PROD_0392,2023-09-19,2,197.92,395.85,0.05,Luara Freitas,Boleto,Pago
VEN_042340,CLI_0483,PROD_0350,2023-09-19,7,28.64,200.48,0.0,Sr. Isaque Nascimento,À vista,Pago
VEN_042058,CLI_0634,PROD_0478,2023-09-19,6,226.14,1356.84,0.0,João Gabriel Teixeira,Cartão,Pago
VEN_005653,CLI_0056,PROD_0422,2023-09-19,1,196.24,196.24,0.0,Elisa Albuquerque,Transferência,Pago
VEN_024396,CLI_0731,PROD_0359,2023-09-19,14,379.56,5313.84,0.0,Samuel Brito,Cartão,Pendente
VEN_001075,CLI_0188,PROD_0131,2023-09-19,25,339.52,8487.9,0.1,Amanda Marques,Boleto,Pago
VEN_030878,CLI_0118,PROD_0412,2023-09-19,5,44.98,224.91,0.15,Pedro Lucas Barros,Cartão,Pago
VEN_044563,CLI_0696,PROD_0354,2023-09-19,28,97.72,2736.16,0.0,Nathan Monteiro,À vista,Pago
VEN_028202,CLI_0367,PROD_0259,2023-09-19,16,12.36,197.76,0.0,Sr. Felipe Marques,Cartão,Pendente
VEN_015215,CLI_0294,PROD_0134,2023-09-19,26,475.06,12351.56,0.0,Gabrielly Porto,À vista,Pendente
VEN_040603,CLI_0816,PROD_0152,2023-09-19,20,10.02,200.4,0.0,Vicente Sampaio,Cartão,Pago
VEN_001212,CLI_0181,PROD_0432,2023-09-19,9,359.45,3235.06,0.1,Dom Novais,À vista,Atrasado
VEN_042747,CLI_0348,PROD_0208,2023-09-19,16,317.59,5081.37,0.15,Kevin Moura,À vista,Pendente
VEN_041886,CLI_0478,PROD_0311,2023-09-19,23,253.09,5821.01,0.15,Antonella Santos,Cartão,Pago
VEN_039257,CLI_0030,PROD_0338,2023-09-19,9,361.46,3253.12,0.1,Gael Martins,Cartão,Pago
VEN_015199,CLI_0977,PROD_0334,2023-09-19,25,307.24,7681.0,0.0,Otávio Peixoto,Cartão,Pago
VEN_027336,CLI_0687,PROD_0196,2023-09-19,22,356.34,7839.48,0.0,Sr. Davi Lucca Araújo,Cartão,Pago
VEN_007745,CLI_0246,PROD_0421,2023-09-19,24,287.29,6894.96,0.0,Liam Nascimento,À vista,Pago
VEN_032470,CLI_0191,PROD_0219,2023-09-19,20,379.14,7582.71,0.05,Dra. Bella Rocha,Cartão,Pago
VEN_023553,CLI_0408,PROD_0328,2023-09-19,19,157.89,2999.91,0.0,Joaquim Santos,Boleto,Pago
VEN_038996,CLI_0720,PROD_0490,2023-09-19,22,44.72,983.84,0.0,Enzo Gabriel Ribeiro,Cartão,Pago
VEN_004416,CLI_0533,PROD_0311,2023-09-19,8,297.75,2382.0,0.0,Vinicius da Costa,À vista,Pago
VEN_005617,CLI_0322,PROD_0315,2023-09-19,10,454.98,4549.8,0.0,Sra. Luísa Macedo,Boleto,Pago
VEN_043394,CLI_0640,PROD_0290,2023-09-20,29,305.5,8859.5,0.0,Evelyn Macedo,Boleto,Pago
VEN_026353,CLI_0240,PROD_0253,2023-09-20,17,333.07,5662.19,0.0,Bruno Araújo,Cartão,Pago
VEN_040069,CLI_0843,PROD_0275,2023-09-20,7,34.69,242.83,0.0,João Pedro Macedo,Boleto,Pago
VEN_021459,CLI_0807,PROD_0020,2023-09-20,11,296.5,3261.46,0.1,Raquel da Mota,Boleto,Pago
VEN_042205,CLI_0890,PROD_0316,2023-09-20,23,228.42,5253.61,0.05,Lucas Gabriel Aparecida,Cartão,Pendente
VEN_014614,CLI_0183,PROD_0168,2023-09-20,28,44.8,1254.46,0.05,Sra. Ana Júlia Pastor,Cartão,Pago
VEN_029191,CLI_0525,PROD_0168,2023-09-20,20,47.16,943.2,0.0,Maria Flor Ferreira,À vista,Pago
VEN_021629,CLI_0219,PROD_0486,2023-09-20,5,214.73,1073.65,0.0,Mateus Costa,À vista,Pago
VEN_023819,CLI_0108,PROD_0007,2023-09-20,23,55.59,1278.57,0.0,Sra. Maria Vitória Jesus,À vista,Pago
VEN_045502,CLI_0746,PROD_0200,2023-09-20,12,125.65,1507.8,0.0,Kaique Correia,Cartão,Pago
VEN_041336,CLI_0195,PROD_0179,2023-09-20,27,32.79,885.44,0.05,Calebe da Cunha,Cartão,Pago
VEN_040850,CLI_0430,PROD_0190,2023-09-20,20,22.01,440.23,0.05,Bárbara Pires,Cartão,Pago
VEN_032477,CLI_0590,PROD_0443,2023-09-20,18,244.67,4404.06,0.0,Dr. José Miguel Caldeira,Transferência,Pago
VEN_048591,CLI_0661,PROD_0202,2023-09-20,28,387.47,10849.16,0.0,Laís Vargas,À vista,Pago
VEN_031295,CLI_0668,PROD_0446,2023-09-20,21,282.44,5931.24,0.0,Pedro Lucas Cavalcante,Cartão,Pago
VEN_006600,CLI_0990,PROD_0404,2023-09-20,9,327.31,2945.79,0.0,Sara da Cunha,Cartão,Pago
VEN_024640,CLI_0640,PROD_0442,2023-09-20,19,162.33,3084.33,0.1,Isis Dias,Boleto,Pago
VEN_027176,CLI_0881,PROD_0471,2023-09-20,16,121.97,1951.52,0.0,Matteo Azevedo,Boleto,Pago
VEN_027318,CLI_0917,PROD_0377,2023-09-20,17,57.36,975.09,0.15,Camila Ribeiro,À vista,Pago
VEN_031476,CLI_0708,PROD_0322,2023-09-20,20,281.19,5623.8,0.0,Paulo Guerra,À vista,Pago
VEN_016691,CLI_0280,PROD_0440,2023-09-20,8,165.9,1327.2,0.0,Zoe Ribeiro,À vista,Pago
VEN_021423,CLI_0104,PROD_0085,2023-09-20,9,49.73,447.6,0.15,Manuela da Conceição,Transferência,Pago
VEN_015695,CLI_0181,PROD_0443,2023-09-20,17,244.67,4159.39,0.0,Lívia Pimenta,Boleto,Pago
VEN_009984,CLI_0755,PROD_0186,2023-09-20,1,223.9,223.9,0.0,Lorena Porto,Cartão,Pago
VEN_017776,CLI_0089,PROD_0027,2023-09-20,5,361.76,1808.8,0.0,Sra. Maria Liz da Paz,À vista,Pago
VEN_040391,CLI_0834,PROD_0003,2023-09-20,19,19.75,375.25,0.0,Thales Abreu,Cartão,Pago
VEN_017866,CLI_0984,PROD_0047,2023-09-20,15,236.18,3542.7,0.0,Alexandre Santos,Boleto,Pendente
VEN_045864,CLI_0584,PROD_0416,2023-09-20,20,449.25,8984.91,0.05,Luiz Felipe Vargas,Cartão,Pendente
VEN_019469,CLI_0643,PROD_0020,2023-09-20,18,312.97,5633.42,0.05,Sra. Isadora Dias,Boleto,Pago
VEN_026456,CLI_0430,PROD_0068,2023-09-20,16,418.23,6691.65,0.05,Daniela Cardoso,Boleto,Pago
VEN_023030,CLI_0241,PROD_0386,2023-09-20,13,176.98,2300.74,0.0,Thales Monteiro,Transferência,Pago
VEN_027209,CLI_0650,PROD_0027,2023-09-20,21,361.76,7596.96,0.0,Sophia Peixoto,À vista,Pago
VEN_040266,CLI_0199,PROD_0155,2023-09-20,19,103.22,1961.2,0.1,Théo Dias,Cartão,Pago
VEN_043160,CLI_0486,PROD_0340,2023-09-20,6,402.53,2415.2,0.05,Davi Miguel Azevedo,Cartão,Pago
VEN_019249,CLI_0117,PROD_0178,2023-09-20,8,293.02,2344.18,0.1,João Guilherme Casa Grande,Transferência,Pago
VEN_029008,CLI_0628,PROD_0019,2023-09-20,3,109.44,328.32,0.0,Heitor Albuquerque,Transferência,Pago
VEN_010319,CLI_0212,PROD_0281,2023-09-20,23,487.4,11210.2,0.0,Vitor da Paz,Cartão,Pago
VEN_040196,CLI_0389,PROD_0112,2023-09-20,19,71.0,1349.0,0.0,Ana Clara Carvalho,Boleto,Pago
VEN_036727,CLI_0212,PROD_0123,2023-09-20,10,6.73,67.32,0.15,Dr. Ravi Lima,Cartão,Pago
VEN_026838,CLI_0098,PROD_0082,2023-09-20,24,411.33,9871.94,0.05,Melissa das Neves,Transferência,Pago
VEN_004616,CLI_0060,PROD_0490,2023-09-20,11,42.48,467.32,0.05,Théo Alves,Cartão,Atrasado
VEN_008916,CLI_0628,PROD_0135,2023-09-20,21,123.08,2584.68,0.0,Julia Pacheco,À vista,Pago
VEN_016912,CLI_0225,PROD_0357,2023-09-20,1,130.56,130.56,0.0,Antonella Porto,À vista,Pago
VEN_009858,CLI_0728,PROD_0170,2023-09-20,26,216.6,5631.6,0.05,Otávio Cardoso,Boleto,Pago
VEN_020177,CLI_0479,PROD_0451,2023-09-20,13,420.16,5462.14,0.1,Davi da Conceição,Transferência,Pago
VEN_043757,CLI_0834,PROD_0263,2023-09-20,29,364.99,10584.71,0.0,João Felipe Silveira,Cartão,Pago
VEN_028464,CLI_0296,PROD_0242,2023-09-20,8,183.93,1471.44,0.05,Dra. Lunna da Conceição,Cartão,Pago
VEN_047426,CLI_0038,PROD_0046,2023-09-20,9,46.52,418.69,0.1,Samuel Barros,Boleto,Pago
VEN_026302,CLI_0340,PROD_0260,2023-09-20,26,12.17,316.41,0.05,Melissa das Neves,Cartão,Pago
VEN_003633,CLI_0912,PROD_0022,2023-09-20,11,374.77,4122.47,0.0,Heloísa Aragão,Boleto,Pago
VEN_039334,CLI_0181,PROD_0466,2023-09-20,24,307.42,7378.08,0.0,Sr. Henrique Montenegro,Cartão,Atrasado
VEN_037294,CLI_0715,PROD_0310,2023-09-20,14,222.68,3117.52,0.0,Dr. Luiz Fernando Araújo,Cartão,Pago
VEN_047263,CLI_0244,PROD_0289,2023-09-20,3,338.61,1015.83,0.0,Kaique Fernandes,Cartão,Pago
VEN_038325,CLI_0843,PROD_0068,2023-09-20,14,440.24,6163.36,0.0,Sr. Caio Montenegro,Boleto,Pago
VEN_002775,CLI_0819,PROD_0026,2023-09-20,12,253.56,3042.77,0.05,Isabelly Vieira,Cartão,Pago
VEN_049875,CLI_0418,PROD_0163,2023-09-20,11,278.91,3068.01,0.0,Leandro Garcia,Transferência,Pago
VEN_037534,CLI_0223,PROD_0100,2023-09-20,13,375.33,4879.29,0.0,Daniel Borges,Transferência,Pago
VEN_038058,CLI_0761,PROD_0045,2023-09-20,28,215.07,6022.04,0.1,Dra. Ana Beatriz Pinto,Transferência,Pago
VEN_022535,CLI_0958,PROD_0226,2023-09-20,26,122.36,3181.36,0.05,Luara Pereira,À vista,Pago
VEN_029778,CLI_0835,PROD_0220,2023-09-20,20,119.59,2391.72,0.05,Sophia Peixoto,À vista,Pago
VEN_010778,CLI_0615,PROD_0200,2023-09-20,29,119.37,3461.66,0.05,Dr. Erick Mendonça,Boleto,Pago
VEN_038751,CLI_0661,PROD_0366,2023-09-20,27,169.3,4571.1,0.0,João Pedro Martins,À vista,Pendente
VEN_028065,CLI_0378,PROD_0135,2023-09-20,18,123.08,2215.44,0.0,Enzo Gabriel Viana,Cartão,Pago
VEN_022349,CLI_0333,PROD_0372,2023-09-20,8,360.24,2881.92,0.0,Sr. Théo Rodrigues,À vista,Pago
VEN_018179,CLI_0319,PROD_0304,2023-09-20,14,42.81,599.34,0.0,Natália Souza,Cartão,Pago
VEN_029838,CLI_0302,PROD_0065,2023-09-20,26,145.36,3779.33,0.1,Danilo Farias,Transferência,Pago
VEN_037947,CLI_0712,PROD_0009,2023-09-20,28,462.36,12945.95,0.05,Ian Brito,Cartão,Pago
VEN_026170,CLI_0908,PROD_0479,2023-09-20,12,32.01,384.16,0.1,Olívia Mendes,À vista,Pago
VEN_046473,CLI_0448,PROD_0030,2023-09-20,6,256.3,1537.8,0.0,Ana Beatriz Sousa,À vista,Pendente
VEN_025551,CLI_0902,PROD_0292,2023-09-20,8,252.54,2020.31,0.05,Augusto Cardoso,Cartão,Pago
VEN_012196,CLI_0273,PROD_0092,2023-09-20,15,220.11,3301.65,0.0,Alícia da Paz,Cartão,Pago
VEN_020580,CLI_0865,PROD_0275,2023-09-20,30,32.96,988.66,0.05,João Cavalcanti,Cartão,Atrasado
VEN_020381,CLI_0798,PROD_0492,2023-09-20,24,266.78,6402.72,0.0,Luana Lima,Cartão,Pago
VEN_047333,CLI_0502,PROD_0097,2023-09-20,30,152.37,4571.12,0.05,Sr. Rael Sousa,Boleto,Pago
VEN_007445,CLI_0227,PROD_0457,2023-09-21,14,308.48,4318.78,0.05,Ísis Lima,Cartão,Atrasado
VEN_021262,CLI_0292,PROD_0497,2023-09-21,14,107.01,1498.14,0.0,Srta. Maria Alice Castro,À vista,Pago
VEN_039528,CLI_0532,PROD_0369,2023-09-21,26,401.57,10440.82,0.0,Rafael Araújo,Boleto,Pago
VEN_017583,CLI_0673,PROD_0057,2023-09-21,27,291.69,7875.63,0.0,Sr. Benjamin Barros,Cartão,Pago
VEN_022921,CLI_0833,PROD_0380,2023-09-21,8,73.16,585.28,0.0,Ana Carolina Ferreira,Boleto,Pago
VEN_040555,CLI_0207,PROD_0367,2023-09-21,12,372.94,4475.28,0.0,Nathan Marques,Boleto,Atrasado
VEN_048476,CLI_0579,PROD_0313,2023-09-21,16,291.7,4667.18,0.1,Luiz Fernando Caldeira,Cartão,Pago
VEN_014976,CLI_0649,PROD_0135,2023-09-21,22,123.08,2707.76,0.0,Carlos Eduardo da Luz,À vista,Pago
VEN_010964,CLI_0316,PROD_0348,2023-09-21,20,118.51,2370.24,0.1,Antony Mendes,À vista,Pago
VEN_025780,CLI_0281,PROD_0052,2023-09-21,30,499.64,14989.2,0.0,Maria Isis Peixoto,Cartão,Pago
VEN_029946,CLI_0328,PROD_0209,2023-09-21,28,494.26,13839.28,0.0,João Guilherme Abreu,Cartão,Pago
VEN_013387,CLI_0148,PROD_0449,2023-09-21,24,477.88,11469.12,0.0,Theo Araújo,À vista,Pago
VEN_024041,CLI_0263,PROD_0285,2023-09-21,17,67.71,1151.02,0.1,Alice Souza,À vista,Pago
VEN_012343,CLI_0610,PROD_0469,2023-09-21,14,115.5,1617.01,0.05,Dra. Manuela Lopes,À vista,Pago
VEN_004393,CLI_0641,PROD_0216,2023-09-21,25,22.77,569.25,0.0,Aurora Cirino,Cartão,Pago
VEN_016396,CLI_0563,PROD_0238,2023-09-21,2,414.06,828.12,0.05,Nathan Pastor,Boleto,Pago
VEN_023523,CLI_0435,PROD_0117,2023-09-21,14,315.24,4413.36,0.0,Sabrina Lopes,Cartão,Pago
VEN_047137,CLI_0083,PROD_0474,2023-09-21,28,114.32,3200.96,0.0,Enzo Santos,Boleto,Pago
VEN_018846,CLI_0944,PROD_0177,2023-09-21,18,402.93,7252.74,0.0,João Gabriel Fernandes,Transferência,Pago
VEN_039499,CLI_0298,PROD_0208,2023-09-21,21,373.63,7846.23,0.0,Augusto Nunes,À vista,Pago
VEN_002638,CLI_0858,PROD_0345,2023-09-21,28,399.37,11182.37,0.05,José da Rocha,Boleto,Pago
VEN_001254,CLI_0234,PROD_0051,2023-09-21,4,344.22,1376.9,0.15,Sara Monteiro,Cartão,Atrasado
VEN_026201,CLI_0994,PROD_0399,2023-09-21,12,97.06,1164.74,0.05,Hellena Correia,Boleto,Pago
VEN_015628,CLI_0136,PROD_0139,2023-09-21,28,454.47,12725.16,0.0,Letícia Viana,Cartão,Pago
VEN_021669,CLI_0423,PROD_0395,2023-09-21,30,295.95,8878.5,0.0,Sophia Fonseca,Boleto,Pago
VEN_015058,CLI_0582,PROD_0143,2023-09-21,22,255.45,5619.9,0.0,Lorenzo Costela,Cartão,Pago
VEN_047925,CLI_0446,PROD_0007,2023-09-21,14,47.25,661.52,0.15,Dr. Nicolas Pires,Cartão,Pago
VEN_010221,CLI_0755,PROD_0360,2023-09-21,6,407.69,2446.14,0.0,Luiz Henrique Brito,Cartão,Pago
VEN_040294,CLI_0244,PROD_0207,2023-09-21,5,194.57,972.85,0.0,Sr. Rael Sousa,Cartão,Pago
VEN_021573,CLI_0522,PROD_0401,2023-09-21,9,471.1,4239.9,0.0,Sr. Isaac Rocha,Transferência,Atrasado
VEN_008540,CLI_0215,PROD_0166,2023-09-21,20,411.95,8239.0,0.0,Antony Mendes,Boleto,Pago
VEN_036437,CLI_0507,PROD_0345,2023-09-21,20,420.39,8407.8,0.0,Lívia Pimenta,Transferência,Pendente
VEN_022128,CLI_0279,PROD_0306,2023-09-21,28,50.3,1408.43,0.1,Maria Vitória Araújo,Cartão,Pago
VEN_038252,CLI_0839,PROD_0226,2023-09-21,7,128.8,901.6,0.0,Ravy Monteiro,À vista,Atrasado
VEN_006277,CLI_0815,PROD_0376,2023-09-21,11,68.11,749.23,0.1,Srta. Stella Sales,Cartão,Pago
VEN_047623,CLI_0611,PROD_0006,2023-09-21,2,350.58,701.16,0.0,Lavínia Lopes,À vista,Pago
VEN_017494,CLI_0448,PROD_0214,2023-09-21,19,313.51,5956.69,0.0,Catarina Lopes,Cartão,Atrasado
VEN_005825,CLI_0717,PROD_0444,2023-09-21,4,116.31,465.24,0.0,Giovanna Sá,Cartão,Pendente
VEN_047383,CLI_0483,PROD_0371,2023-09-21,19,40.17,763.17,0.1,Valentim da Rosa,À vista,Pago
VEN_028498,CLI_0285,PROD_0051,2023-09-21,28,404.97,11339.16,0.0,Raquel Jesus,Boleto,Pago
VEN_044219,CLI_0816,PROD_0180,2023-09-21,7,211.26,1478.83,0.05,Igor Pimenta,Boleto,Pago
VEN_009229,CLI_0976,PROD_0253,2023-09-21,5,316.42,1582.08,0.05,Heitor Sá,À vista,Pago
VEN_035951,CLI_0929,PROD_0458,2023-09-21,27,242.91,6558.57,0.1,Maria Isis Fogaça,Cartão,Pago
VEN_007216,CLI_0479,PROD_0383,2023-09-21,19,225.91,4292.29,0.0,Aurora Caldeira,Transferência,Pago
VEN_001565,CLI_0832,PROD_0272,2023-09-21,16,205.44,3287.0,0.05,Bryan Guerra,Cartão,Pago
VEN_030742,CLI_0976,PROD_0498,2023-09-21,5,320.77,1603.84,0.05,Thales Cassiano,Cartão,Pago
VEN_032445,CLI_0275,PROD_0174,2023-09-21,19,346.24,6578.56,0.0,Luigi Moura,Cartão,Pago
VEN_030418,CLI_0056,PROD_0094,2023-09-21,27,131.09,3539.43,0.0,Ian Silva,À vista,Pago
VEN_041450,CLI_0236,PROD_0297,2023-09-21,9,201.55,1813.95,0.0,Dr. Luigi Dias,Cartão,Pago
VEN_039948,CLI_0864,PROD_0470,2023-09-21,29,293.32,8506.28,0.0,Isabelly Lima,À vista,Pago
VEN_012188,CLI_0131,PROD_0228,2023-09-21,12,496.38,5956.56,0.0,Luiz Henrique da Cruz,Cartão,Pago
VEN_030139,CLI_0124,PROD_0360,2023-09-21,7,387.31,2711.14,0.05,Dr. Francisco Campos,Cartão,Pago
VEN_030186,CLI_0702,PROD_0190,2023-09-21,29,23.17,671.93,0.0,Igor Moreira,Cartão,Pendente
VEN_028393,CLI_0354,PROD_0159,2023-09-21,30,96.65,2899.5,0.0,Dr. Nicolas Pires,Cartão,Pago
VEN_038425,CLI_0137,PROD_0255,2023-09-21,28,35.06,981.79,0.1,Sr. Caleb Moraes,Cartão,Atrasado
VEN_035895,CLI_0779,PROD_0381,2023-09-21,20,480.46,9609.2,0.0,Augusto Nunes,Transferência,Pago
VEN_038837,CLI_0285,PROD_0132,2023-09-21,6,13.13,78.79,0.1,Otávio Rocha,À vista,Pago
VEN_029053,CLI_0121,PROD_0080,2023-09-21,17,98.09,1667.55,0.1,Ravi Ribeiro,Cartão,Pago
VEN_025244,CLI_0678,PROD_0300,2023-09-21,22,15.32,337.04,0.0,Manuela Oliveira,À vista,Pago
VEN_018947,CLI_0617,PROD_0081,2023-09-21,15,442.65,6639.75,0.0,Beatriz Pereira,Cartão,Pago
VEN_001920,CLI_0266,PROD_0095,2023-09-21,27,344.99,9314.73,0.0,Luiz Felipe Almeida,Transferência,Pago
VEN_047854,CLI_0849,PROD_0046,2023-09-21,14,51.69,723.66,0.0,Mirella Borges,À vista,Pago
VEN_004823,CLI_0851,PROD_0071,2023-09-21,23,122.32,2813.34,0.1,Dra. Ana Luiza Rios,Cartão,Pago
VEN_006260,CLI_0780,PROD_0112,2023-09-21,1,71.0,71.0,0.0,Samuel Barros,Cartão,Pago
VEN_045825,CLI_0727,PROD_0030,2023-09-22,8,230.67,1845.36,0.1,Davi Lucca Dias,Cartão,Pago
VEN_044255,CLI_0407,PROD_0384,2023-09-22,6,65.71,394.26,0.0,Olívia Nunes,Boleto,Pago
VEN_011679,CLI_0522,PROD_0411,2023-09-22,1,124.66,124.66,0.0,Ester Barros,Cartão,Pago
VEN_009006,CLI_0132,PROD_0490,2023-09-22,7,44.72,313.04,0.0,Luiz Miguel Almeida,Cartão,Pago
VEN_023533,CLI_0648,PROD_0461,2023-09-22,2,9.59,19.18,0.0,Julia Pacheco,Cartão,Pago
VEN_020443,CLI_0775,PROD_0429,2023-09-22,24,422.09,10130.16,0.0,Vitor Gabriel Cunha,À vista,Pago
VEN_004380,CLI_0244,PROD_0245,2023-09-22,28,154.58,4328.24,0.0,Isis Fonseca,Cartão,Pago
VEN_026634,CLI_0487,PROD_0301,2023-09-22,20,396.01,7920.15,0.05,Enzo Pires,À vista,Pago
VEN_042160,CLI_0191,PROD_0057,2023-09-22,15,262.52,3937.82,0.1,Henry Gabriel Sampaio,Cartão,Pago
VEN_025402,CLI_0374,PROD_0171,2023-09-22,23,140.54,3232.51,0.1,Mariane Oliveira,À vista,Pago
VEN_022778,CLI_0450,PROD_0287,2023-09-22,26,188.18,4892.68,0.0,Mariana da Luz,Boleto,Atrasado
VEN_038859,CLI_0013,PROD_0151,2023-09-22,3,143.43,430.29,0.0,Srta. Sophia Marques,Cartão,Pago
VEN_035735,CLI_0695,PROD_0359,2023-09-22,17,379.56,6452.52,0.0,Ana Mendes,Cartão,Pago
VEN_016077,CLI_0476,PROD_0306,2023-09-22,25,53.1,1327.39,0.05,Sra. Luísa Macedo,Cartão,Pendente
VEN_030757,CLI_0337,PROD_0212,2023-09-22,3,455.67,1367.01,0.0,João Guilherme Viana,À vista,Pago
VEN_043200,CLI_0868,PROD_0399,2023-09-22,27,102.17,2758.59,0.0,Yan Melo,Cartão,Pago
VEN_032984,CLI_0376,PROD_0297,2023-09-22,12,171.32,2055.81,0.15,Emilly Gomes,À vista,Pago
VEN_048324,CLI_0673,PROD_0358,2023-09-22,17,124.36,2114.12,0.0,Sr. Leonardo Cavalcanti,Cartão,Atrasado
VEN_014453,CLI_0285,PROD_0442,2023-09-22,27,153.31,4139.49,0.15,Levi das Neves,Cartão,Pago
VEN_026019,CLI_0741,PROD_0411,2023-09-22,5,124.66,623.3,0.0,Melissa Melo,Boleto,Pago
VEN_028897,CLI_0653,PROD_0346,2023-09-22,19,22.76,432.48,0.05,Henrique Moraes,À vista,Pago
VEN_027697,CLI_0925,PROD_0368,2023-09-22,22,225.56,4962.28,0.1,Bruna Novais,Cartão,Pago
VEN_015054,CLI_0548,PROD_0094,2023-09-22,10,111.43,1114.27,0.15,Sara da Cunha,Cartão,Pago
VEN_020667,CLI_0312,PROD_0238,2023-09-22,16,392.27,6276.24,0.1,Maria Cavalcanti,À vista,Pago
VEN_034071,CLI_0054,PROD_0145,2023-09-22,2,76.69,153.39,0.05,Sr. Caio Montenegro,Cartão,Pago
VEN_004664,CLI_0643,PROD_0137,2023-09-22,16,275.03,4400.5,0.1,Evelyn Gonçalves,Transferência,Pago
VEN_031349,CLI_0367,PROD_0401,2023-09-22,26,471.1,12248.6,0.0,Stephany Vargas,Cartão,Pago
VEN_033005,CLI_0467,PROD_0242,2023-09-22,30,193.61,5808.3,0.0,Ana Liz Almeida,Cartão,Pago
VEN_019483,CLI_0829,PROD_0122,2023-09-22,1,14.67,14.67,0.0,Dra. Isabel Castro,À vista,Pago
VEN_028334,CLI_0366,PROD_0177,2023-09-22,4,382.78,1531.13,0.05,Luiz Miguel Castro,Boleto,Pago
VEN_003136,CLI_0107,PROD_0400,2023-09-22,27,154.9,4182.3,0.0,Davi Barbosa,À vista,Pago
VEN_033171,CLI_0477,PROD_0388,2023-09-22,25,231.15,5778.68,0.1,Vitor Gabriel Cardoso,À vista,Pago
VEN_024833,CLI_0311,PROD_0171,2023-09-22,4,156.16,624.64,0.0,Carlos Eduardo da Luz,Boleto,Atrasado
VEN_015829,CLI_0431,PROD_0188,2023-09-22,5,169.99,849.95,0.0,Emanuella Cunha,Cartão,Pago
VEN_024265,CLI_0565,PROD_0157,2023-09-22,4,179.15,716.6,0.0,Olivia Costela,Boleto,Pago
VEN_043390,CLI_0043,PROD_0099,2023-09-22,4,68.01,272.04,0.0,Cecília Sampaio,Cartão,Atrasado
VEN_022598,CLI_0883,PROD_0414,2023-09-22,25,361.96,9049.0,0.0,Diego Santos,Boleto,Pago
VEN_023776,CLI_0085,PROD_0028,2023-09-22,5,173.39,866.95,0.0,Ester Farias,Cartão,Pago
VEN_045465,CLI_0945,PROD_0280,2023-09-22,27,363.37,9810.87,0.05,Dante Leão,À vista,Pago
VEN_011659,CLI_0204,PROD_0453,2023-09-22,27,320.78,8661.06,0.0,Clara da Cruz,Cartão,Pago
VEN_047842,CLI_0038,PROD_0100,2023-09-22,21,375.33,7881.93,0.0,Mariah Azevedo,Cartão,Pago
VEN_038161,CLI_0371,PROD_0384,2023-09-22,1,65.71,65.71,0.0,Olivia Costela,À vista,Pago
VEN_030886,CLI_0119,PROD_0040,2023-09-22,19,61.66,1171.44,0.05,Bella Gomes,Cartão,Pago
VEN_010897,CLI_0280,PROD_0279,2023-09-22,12,381.96,4583.52,0.1,Raul Camargo,Boleto,Pago
VEN_023661,CLI_0284,PROD_0165,2023-09-22,18,173.65,3125.7,0.0,Pedro Miguel Lima,Transferência,Pago
VEN_024180,CLI_0702,PROD_0225,2023-09-22,6,472.89,2837.34,0.0,João Miguel Pimenta,Boleto,Pago
VEN_027755,CLI_0943,PROD_0261,2023-09-22,11,61.26,673.86,0.0,Joaquim Ramos,À vista,Pago
VEN_016120,CLI_0618,PROD_0016,2023-09-22,20,192.83,3856.6,0.0,Cecilia Costa,Cartão,Pago
VEN_025534,CLI_0782,PROD_0424,2023-09-22,8,170.76,1366.06,0.1,Augusto Nunes,Cartão,Pago
VEN_027257,CLI_0688,PROD_0325,2023-09-22,6,320.28,1921.7,0.1,Alana Vieira,À vista,Pago
VEN_010420,CLI_0085,PROD_0175,2023-09-22,17,354.94,6033.98,0.0,Isabel Pereira,Cartão,Pago
VEN_015420,CLI_0959,PROD_0136,2023-09-22,3,199.91,599.73,0.15,Maria Fernanda Garcia,Cartão,Pago
VEN_047737,CLI_0001,PROD_0021,2023-09-22,4,136.12,544.48,0.0,Emilly Borges,Cartão,Pago
VEN_017974,CLI_0650,PROD_0077,2023-09-22,22,60.38,1328.36,0.0,Enzo Gabriel Barros,À vista,Pago
VEN_029352,CLI_0158,PROD_0315,2023-09-22,25,454.98,11374.5,0.0,Dr. Nicolas Pires,À vista,Pago
VEN_021222,CLI_0551,PROD_0406,2023-09-22,14,478.54,6699.56,0.0,Gael Henrique Barbosa,Cartão,Pago
VEN_007964,CLI_0673,PROD_0053,2023-09-22,13,87.32,1135.16,0.0,Henrique Ribeiro,Boleto,Pago
VEN_007840,CLI_0329,PROD_0245,2023-09-22,18,131.39,2365.07,0.15,José Souza,Boleto,Pendente
VEN_045973,CLI_0421,PROD_0277,2023-09-22,12,30.47,365.64,0.0,Henry Gabriel Dias,Cartão,Pago
VEN_042850,CLI_0091,PROD_0296,2023-09-22,30,101.06,3031.95,0.15,José Miguel Aragão,Cartão,Pago
VEN_047653,CLI_0696,PROD_0061,2023-09-22,25,471.09,11777.25,0.0,Srta. Alice Andrade,À vista,Pago
VEN_026068,CLI_0838,PROD_0159,2023-09-22,3,91.82,275.45,0.05,Laura Pimenta,Cartão,Pago
VEN_042626,CLI_0474,PROD_0323,2023-09-22,22,153.01,3366.2,0.1,Josué Souza,Cartão,Pago
VEN_025820,CLI_0338,PROD_0475,2023-09-23,4,375.13,1500.52,0.0,Otávio Abreu,Transferência,Pago
VEN_026288,CLI_0993,PROD_0019,2023-09-23,29,103.97,3015.07,0.05,Luiz Otávio Martins,Boleto,Pago
VEN_035331,CLI_0899,PROD_0414,2023-09-23,16,361.96,5791.36,0.0,Sr. Dom Cunha,Cartão,Pago
VEN_048429,CLI_0139,PROD_0073,2023-09-23,9,345.31,3107.79,0.0,Bryan Guerra,Transferência,Pago
VEN_012579,CLI_0084,PROD_0409,2023-09-23,6,431.44,2588.64,0.0,Dra. Lunna da Conceição,Boleto,Pago
VEN_011314,CLI_0206,PROD_0422,2023-09-23,15,186.43,2796.42,0.05,Lorenzo Cassiano,Boleto,Pago
VEN_037259,CLI_0017,PROD_0374,2023-09-23,17,140.9,2395.3,0.0,Dra. Cecília Melo,Cartão,Atrasado
VEN_030455,CLI_0389,PROD_0256,2023-09-23,27,366.71,9901.28,0.1,Sra. Maria Vitória Jesus,Transferência,Pago
VEN_023095,CLI_0686,PROD_0037,2023-09-23,3,266.2,798.6,0.0,Enrico Almeida,Cartão,Pago
VEN_014468,CLI_0387,PROD_0444,2023-09-23,20,116.31,2326.2,0.0,Sr. Carlos Eduardo da Mata,À vista,Pago
VEN_025784,CLI_0771,PROD_0478,2023-09-23,22,214.83,4726.33,0.05,Dra. Ana Luiza Moura,Cartão,Pago
VEN_025852,CLI_0098,PROD_0317,2023-09-23,20,386.11,7722.17,0.05,Eduardo Cunha,Cartão,Pago
VEN_016685,CLI_0367,PROD_0259,2023-09-23,29,11.12,322.6,0.1,Davi Barbosa,Cartão,Pago
VEN_044552,CLI_0986,PROD_0019,2023-09-23,14,98.5,1378.94,0.1,Catarina Lopes,À vista,Pago
VEN_038096,CLI_0696,PROD_0311,2023-09-23,18,297.75,5359.5,0.0,Otávio Rodrigues,Cartão,Pago
VEN_044038,CLI_0054,PROD_0059,2023-09-23,30,33.16,994.8,0.0,Dra. Carolina da Mata,Cartão,Pago
VEN_034905,CLI_0816,PROD_0236,2023-09-23,6,416.91,2501.45,0.05,Nathan Marques,À vista,Atrasado
VEN_017484,CLI_0176,PROD_0307,2023-09-23,30,381.31,11439.3,0.0,Luigi Barbosa,Transferência,Pago
VEN_013016,CLI_0448,PROD_0335,2023-09-23,5,242.41,1212.03,0.1,Marcelo Machado,À vista,Pago
VEN_009598,CLI_0713,PROD_0431,2023-09-23,4,168.96,675.84,0.0,Isabel Ramos,Boleto,Pago
VEN_048602,CLI_0058,PROD_0038,2023-09-23,22,378.86,8334.92,0.0,Srta. Hellena Rezende,À vista,Pendente
VEN_009577,CLI_0879,PROD_0169,2023-09-23,22,300.08,6601.76,0.0,Ester Barros,Cartão,Atrasado
VEN_017576,CLI_0883,PROD_0285,2023-09-23,7,75.23,526.61,0.0,Benício Ramos,À vista,Pago
VEN_040961,CLI_0336,PROD_0101,2023-09-23,9,276.23,2486.07,0.0,Theo Fernandes,À vista,Pago
VEN_024778,CLI_0830,PROD_0071,2023-09-23,15,135.91,2038.65,0.0,Natália Nascimento,Boleto,Pago
VEN_004738,CLI_0690,PROD_0046,2023-09-23,4,51.69,206.76,0.0,Luiz Miguel Sales,Boleto,Pago
VEN_021523,CLI_0949,PROD_0226,2023-09-23,27,122.36,3303.72,0.05,Sara Santos,Boleto,Pago
VEN_006079,CLI_0250,PROD_0371,2023-09-23,14,42.4,593.58,0.05,Brayan Oliveira,Cartão,Pago
VEN_016503,CLI_0994,PROD_0178,2023-09-23,2,293.02,586.04,0.1,Sra. Elisa Pastor,Cartão,Pago
VEN_006278,CLI_0557,PROD_0432,2023-09-23,3,399.39,1198.17,0.0,Sr. Thales Ribeiro,Cartão,Atrasado
VEN_024783,CLI_0864,PROD_0207,2023-09-23,25,184.84,4621.04,0.05,Sra. Alana Fogaça,À vista,Pago
VEN_016739,CLI_0380,PROD_0355,2023-09-23,6,476.93,2861.58,0.0,Sr. Lucca da Luz,Cartão,Pago
VEN_002480,CLI_0220,PROD_0002,2023-09-23,14,371.63,5202.82,0.0,Vitor Hugo Rodrigues,Cartão,Pago
VEN_049022,CLI_0069,PROD_0202,2023-09-23,5,387.47,1937.35,0.0,Enrico Almeida,Cartão,Pago
VEN_026964,CLI_0662,PROD_0493,2023-09-23,26,489.35,12723.1,0.0,Enzo Pires,Cartão,Pago
VEN_008573,CLI_0344,PROD_0401,2023-09-23,14,471.1,6595.4,0.0,Felipe Casa Grande,Cartão,Pago
VEN_040674,CLI_0699,PROD_0475,2023-09-23,28,337.62,9453.28,0.1,Manuela Oliveira,Boleto,Pago
VEN_033755,CLI_0329,PROD_0312,2023-09-23,3,217.26,651.79,0.05,Aurora Caldeira,À vista,Pago
VEN_032652,CLI_0601,PROD_0260,2023-09-23,19,11.53,219.05,0.1,Gustavo Henrique Fernandes,À vista,Atrasado
VEN_007878,CLI_0255,PROD_0251,2023-09-23,27,48.76,1316.57,0.1,Maria Liz da Conceição,Cartão,Pago
VEN_017264,CLI_0088,PROD_0360,2023-09-23,12,407.69,4892.28,0.0,Cauã da Conceição,À vista,Pago
VEN_024072,CLI_0914,PROD_0231,2023-09-23,12,290.22,3482.7,0.05,Liz Santos,Cartão,Pago
VEN_018743,CLI_0180,PROD_0362,2023-09-23,22,389.21,8562.62,0.0,Manuela Sá,À vista,Pendente
VEN_044502,CLI_0829,PROD_0289,2023-09-23,5,321.68,1608.4,0.05,Breno Santos,Cartão,Pago
VEN_028856,CLI_0005,PROD_0182,2023-09-23,12,400.73,4808.81,0.1,Catarina Lopes,Cartão,Pago
VEN_045990,CLI_0349,PROD_0064,2023-09-23,26,136.48,3548.48,0.0,Julia Pacheco,À vista,Pago
VEN_020641,CLI_0647,PROD_0232,2023-09-23,3,129.06,387.18,0.0,Milena da Rosa,Boleto,Pago
VEN_002965,CLI_0707,PROD_0012,2023-09-23,5,385.54,1927.71,0.1,Daniel Moreira,Boleto,Pago
VEN_036607,CLI_0213,PROD_0339,2023-09-23,6,242.89,1457.34,0.0,Enrico Almeida,À vista,Pago
VEN_007869,CLI_0537,PROD_0072,2023-09-23,2,125.83,251.66,0.1,Cecilia Costa,Cartão,Pago
VEN_000845,CLI_0497,PROD_0235,2023-09-23,16,166.73,2667.68,0.0,Luiz Miguel Sales,À vista,Pago
VEN_042210,CLI_0052,PROD_0474,2023-09-23,12,114.32,1371.84,0.0,Dr. Pietro da Mata,Boleto,Pago
VEN_031034,CLI_0917,PROD_0238,2023-09-23,27,435.85,11767.95,0.0,Aurora Souza,À vista,Pago
VEN_042690,CLI_0483,PROD_0130,2023-09-23,18,109.77,1975.86,0.0,Dr. João Guilherme Albuquerque,Cartão,Pago
VEN_049841,CLI_0365,PROD_0444,2023-09-23,14,116.31,1628.34,0.0,Davi Lucca Campos,Cartão,Pago
VEN_047308,CLI_0653,PROD_0435,2023-09-23,16,316.37,5061.92,0.0,Luiz Henrique Brito,Cartão,Pago
VEN_027957,CLI_0619,PROD_0278,2023-09-23,19,291.07,5530.33,0.0,Mateus Albuquerque,Cartão,Pago
VEN_035494,CLI_0439,PROD_0442,2023-09-23,5,162.33,811.66,0.1,Dr. Gustavo Henrique Marques,Transferência,Pago
VEN_000094,CLI_0621,PROD_0291,2023-09-23,20,175.86,3517.2,0.0,Ana Beatriz Souza,Cartão,Pago
VEN_030109,CLI_0868,PROD_0354,2023-09-23,4,92.83,371.34,0.05,Mariana da Luz,À vista,Pago
VEN_049571,CLI_0639,PROD_0466,2023-09-23,14,276.68,3873.49,0.1,Srta. Maria Isis Aragão,Transferência,Pago
VEN_023162,CLI_0783,PROD_0072,2023-09-23,15,139.81,2097.15,0.0,Joana Gonçalves,À vista,Pendente
VEN_031376,CLI_0946,PROD_0108,2023-09-23,30,275.46,8263.86,0.05,Alana Guerra,Boleto,Pago
VEN_047303,CLI_0898,PROD_0269,2023-09-23,23,207.05,4762.21,0.05,Davi Lucca Campos,Transferência,Pago
VEN_047618,CLI_0490,PROD_0179,2023-09-24,6,32.79,196.76,0.05,Yasmin Correia,Boleto,Pago
VEN_015374,CLI_0593,PROD_0453,2023-09-24,6,320.78,1924.68,0.0,Marcela Ferreira,Cartão,Pago
VEN_035702,CLI_0829,PROD_0019,2023-09-24,4,109.44,437.76,0.0,Manuela Oliveira,Transferência,Atrasado
VEN_032163,CLI_0990,PROD_0178,2023-09-24,20,276.74,5534.86,0.15,Larissa Camargo,Transferência,Pago
VEN_033798,CLI_0212,PROD_0014,2023-09-24,16,336.74,5387.84,0.0,Yuri Castro,Boleto,Pago
VEN_041407,CLI_0974,PROD_0245,2023-09-24,8,146.85,1174.81,0.05,Lunna Rios,Cartão,Pago
VEN_048822,CLI_0142,PROD_0048,2023-09-24,8,204.3,1634.4,0.0,Sra. Antonella Rocha,Boleto,Pago
VEN_007423,CLI_0711,PROD_0250,2023-09-24,26,346.69,9013.94,0.0,Ana Clara Carvalho,À vista,Pago
VEN_029228,CLI_0235,PROD_0273,2023-09-24,19,461.88,8775.72,0.0,Isabela Vasconcelos,Cartão,Pago
VEN_014573,CLI_0641,PROD_0220,2023-09-24,30,125.88,3776.4,0.0,Breno Santos,Cartão,Pago
VEN_003626,CLI_0417,PROD_0090,2023-09-24,19,422.93,8035.63,0.1,Maria Laura Albuquerque,Boleto,Pago
VEN_013057,CLI_0045,PROD_0379,2023-09-24,22,227.71,5009.62,0.0,Ester Farias,À vista,Pago
VEN_000932,CLI_0120,PROD_0254,2023-09-24,20,374.74,7494.74,0.05,Eduarda Cavalcante,À vista,Pago
VEN_031207,CLI_0582,PROD_0214,2023-09-24,21,297.83,6254.52,0.05,Pedro Garcia,Cartão,Pago
VEN_045289,CLI_0091,PROD_0184,2023-09-24,18,475.64,8561.52,0.0,João Cardoso,Boleto,Pago
VEN_019692,CLI_0141,PROD_0368,2023-09-24,10,250.62,2506.2,0.0,Pedro Henrique Caldeira,Cartão,Pendente
VEN_008823,CLI_0783,PROD_0057,2023-09-24,17,291.69,4958.73,0.0,Ravy Silva,Cartão,Pago
VEN_005841,CLI_0948,PROD_0214,2023-09-24,27,313.51,8464.77,0.0,Davi Luiz Correia,Cartão,Pago
VEN_044245,CLI_0251,PROD_0266,2023-09-24,17,450.14,7652.38,0.0,Miguel Fonseca,Transferência,Pago
VEN_012712,CLI_0907,PROD_0138,2023-09-24,12,55.58,667.01,0.05,Elisa Andrade,À vista,Pago
VEN_014753,CLI_0058,PROD_0164,2023-09-24,30,437.0,13110.0,0.0,Lorenzo Costela,Cartão,Pago
VEN_017990,CLI_0902,PROD_0327,2023-09-24,12,276.06,3312.76,0.15,Maria Cavalcanti,Cartão,Pago
VEN_010360,CLI_0929,PROD_0137,2023-09-24,22,275.03,6050.68,0.1,Apollo Sousa,À vista,Pago
VEN_046205,CLI_0006,PROD_0112,2023-09-24,29,67.45,1956.05,0.05,Enzo Gabriel Lima,Cartão,Pago
VEN_030239,CLI_0161,PROD_0132,2023-09-24,18,14.59,262.62,0.0,Stella Pastor,Boleto,Pago
VEN_012181,CLI_0496,PROD_0050,2023-09-24,22,135.74,2986.19,0.05,Enzo Barbosa,Cartão,Pago
VEN_002331,CLI_0313,PROD_0380,2023-09-24,18,69.5,1251.04,0.05,Maitê Mendes,À vista,Pago
VEN_043726,CLI_0517,PROD_0204,2023-09-24,14,499.46,6992.44,0.0,Emilly Gomes,Cartão,Pago
VEN_033839,CLI_0031,PROD_0217,2023-09-24,15,337.18,5057.77,0.1,Luiz Fernando Caldeira,Boleto,Atrasado
VEN_024268,CLI_0080,PROD_0459,2023-09-24,8,201.26,1610.06,0.05,Isis Pereira,À vista,Pago
VEN_009008,CLI_0642,PROD_0337,2023-09-24,6,351.15,2106.92,0.1,Pedro Miguel Silveira,Cartão,Pago
VEN_040477,CLI_0650,PROD_0473,2023-09-24,30,59.96,1798.92,0.05,Maya Vasconcelos,Boleto,Pago
VEN_024849,CLI_0281,PROD_0460,2023-09-24,13,395.04,5135.52,0.0,Sr. Asafe Gonçalves,À vista,Pendente
VEN_011046,CLI_0409,PROD_0473,2023-09-24,4,63.12,252.48,0.0,Sophia Vasconcelos,Cartão,Pago
VEN_001615,CLI_0743,PROD_0328,2023-09-24,12,157.89,1894.68,0.0,Alícia da Paz,À vista,Pendente
VEN_032766,CLI_0912,PROD_0033,2023-09-24,4,165.46,661.84,0.0,Anthony Gabriel Silva,À vista,Pago
VEN_045702,CLI_0048,PROD_0216,2023-09-24,3,20.49,61.48,0.1,Eduardo Cunha,Cartão,Pago
VEN_044572,CLI_0987,PROD_0238,2023-09-24,11,435.85,4794.35,0.0,Liam Jesus,Boleto,Pago
VEN_035339,CLI_0185,PROD_0090,2023-09-24,28,469.92,13157.76,0.0,Eduarda Azevedo,À vista,Pendente
VEN_026176,CLI_0605,PROD_0134,2023-09-24,24,475.06,11401.44,0.0,Enzo Santos,Cartão,Pago
VEN_041947,CLI_0635,PROD_0091,2023-09-24,9,292.39,2631.51,0.0,Manuela Sá,Cartão,Pago
VEN_020927,CLI_0863,PROD_0434,2023-09-24,26,117.63,3058.38,0.0,Maria Eduarda da Rosa,À vista,Pago
VEN_028152,CLI_0657,PROD_0117,2023-09-24,15,267.95,4019.31,0.15,Milena Viana,À vista,Pago
VEN_016861,CLI_0075,PROD_0260,2023-09-24,30,12.81,384.3,0.0,Marcela Brito,Transferência,Pago
VEN_018602,CLI_0759,PROD_0149,2023-09-24,9,291.75,2625.79,0.05,Valentim Viana,Cartão,Pago
VEN_035568,CLI_0707,PROD_0223,2023-09-24,12,320.76,3849.12,0.0,Rafaela Barbosa,Cartão,Pago
VEN_016945,CLI_0680,PROD_0083,2023-09-24,1,16.41,16.41,0.05,Léo Fogaça,À vista,Pago
VEN_035662,CLI_0032,PROD_0267,2023-09-24,12,141.13,1693.56,0.0,Eduarda Azevedo,Cartão,Pago
VEN_010871,CLI_0191,PROD_0118,2023-09-24,28,132.52,3710.7,0.05,Ana Sophia Garcia,Cartão,Pago
VEN_018652,CLI_0332,PROD_0031,2023-09-24,9,230.66,2075.95,0.1,Benício Rios,Transferência,Pago
VEN_047147,CLI_0758,PROD_0397,2023-09-24,7,139.99,979.9,0.1,Cecilia Silveira,Cartão,Pago
VEN_028845,CLI_0583,PROD_0447,2023-09-24,4,65.33,261.32,0.0,Dr. Thales Albuquerque,À vista,Pago
VEN_005558,CLI_0785,PROD_0471,2023-09-24,22,115.87,2549.17,0.05,Juan Novaes,Boleto,Pago
VEN_013891,CLI_0445,PROD_0452,2023-09-24,20,371.74,7434.8,0.0,Ana Caldeira,À vista,Pago
VEN_019029,CLI_0306,PROD_0430,2023-09-24,17,222.72,3786.29,0.1,Sr. Matteo Brito,Cartão,Pago
VEN_023528,CLI_0092,PROD_0499,2023-09-24,15,211.18,3167.63,0.05,Maria Flor da Mota,À vista,Pago
VEN_023565,CLI_0689,PROD_0041,2023-09-24,28,279.19,7817.32,0.0,Maria Flor da Mota,Boleto,Pago
VEN_003451,CLI_0192,PROD_0435,2023-09-24,11,316.37,3480.07,0.0,Dr. Enzo Gabriel Ferreira,À vista,Pago
VEN_049642,CLI_0560,PROD_0332,2023-09-24,25,191.48,4787.0,0.0,Paulo da Rosa,À vista,Pago
VEN_006890,CLI_0730,PROD_0205,2023-09-24,14,232.51,3255.18,0.05,Otávio Rocha,À vista,Pago
VEN_048101,CLI_0429,PROD_0158,2023-09-24,12,64.72,776.64,0.0,Dr. Marcelo da Costa,Boleto,Atrasado
VEN_047353,CLI_0983,PROD_0104,2023-09-24,13,42.27,549.55,0.1,Benicio da Cunha,Boleto,Pendente
VEN_028964,CLI_0192,PROD_0195,2023-09-24,6,396.92,2381.51,0.1,Antonella Porto,Cartão,Pago
VEN_008211,CLI_0576,PROD_0474,2023-09-24,1,114.32,114.32,0.0,Dr. Erick Mendonça,Cartão,Pago
VEN_045975,CLI_0685,PROD_0022,2023-09-24,28,374.77,10493.56,0.0,Maria Eduarda da Rosa,Boleto,Pago
VEN_027729,CLI_0469,PROD_0078,2023-09-24,7,22.83,159.81,0.0,Eloá Moreira,Cartão,Pago
VEN_021646,CLI_0886,PROD_0201,2023-09-24,6,230.92,1385.53,0.1,Camila Nunes,Transferência,Pago
VEN_001966,CLI_0230,PROD_0260,2023-09-24,10,11.53,115.29,0.1,Sr. Matteo Mendes,Boleto,Pago
VEN_036430,CLI_0921,PROD_0066,2023-09-24,7,281.22,1968.56,0.1,Sr. Yan Moura,À vista,Pendente
VEN_038077,CLI_0193,PROD_0381,2023-09-24,19,432.41,8215.87,0.1,Sr. Thiago da Paz,Boleto,Pendente
VEN_022111,CLI_0242,PROD_0192,2023-09-24,8,413.57,3308.58,0.05,Ágatha Alves,Cartão,Pago
VEN_030298,CLI_0763,PROD_0301,2023-09-24,18,416.85,7503.3,0.0,Davi Miguel da Cunha,Cartão,Atrasado
VEN_038324,CLI_0547,PROD_0437,2023-09-24,25,14.37,359.25,0.0,Rodrigo Montenegro,Cartão,Pago
VEN_009609,CLI_0265,PROD_0404,2023-09-24,9,327.31,2945.79,0.0,Sr. Isaac Rocha,Cartão,Pago
VEN_036846,CLI_0442,PROD_0368,2023-09-25,10,238.09,2380.89,0.05,Dr. João Guilherme Albuquerque,Cartão,Pago
VEN_046552,CLI_0189,PROD_0434,2023-09-25,12,117.63,1411.56,0.0,Lavínia Lopes,À vista,Pago
VEN_028773,CLI_0079,PROD_0023,2023-09-25,2,113.56,227.12,0.0,Ryan Macedo,Cartão,Pago
VEN_019027,CLI_0169,PROD_0483,2023-09-25,4,233.15,932.62,0.1,Larissa da Mata,Boleto,Pago
VEN_026785,CLI_0290,PROD_0368,2023-09-25,18,225.56,4060.04,0.1,João Miguel Silva,À vista,Pago
VEN_047316,CLI_0453,PROD_0030,2023-09-25,6,256.3,1537.8,0.0,Lorenzo Costela,Transferência,Pago
VEN_027637,CLI_0478,PROD_0206,2023-09-25,8,230.4,1843.2,0.0,Benicio da Cunha,Cartão,Pago
VEN_022263,CLI_0567,PROD_0312,2023-09-25,3,228.7,686.1,0.0,Ágatha Novais,Cartão,Pago
VEN_023651,CLI_0033,PROD_0093,2023-09-25,25,467.59,11689.75,0.05,Benício Sales,Cartão,Pago
VEN_026073,CLI_0227,PROD_0432,2023-09-25,6,399.39,2396.34,0.0,Evelyn Gonçalves,Boleto,Pago
VEN_007278,CLI_0934,PROD_0272,2023-09-25,20,216.25,4325.0,0.0,Arthur Câmara,Cartão,Pago
VEN_022397,CLI_0173,PROD_0375,2023-09-25,9,337.24,3035.16,0.0,Noah Macedo,Cartão,Pago
VEN_033316,CLI_0040,PROD_0180,2023-09-25,27,200.14,5403.83,0.1,Vitor da Paz,Transferência,Pago
VEN_000022,CLI_0650,PROD_0399,2023-09-25,21,102.17,2145.57,0.0,Srta. Marcela Cirino,Cartão,Pago
VEN_026727,CLI_0798,PROD_0184,2023-09-25,16,451.86,7229.73,0.05,Mariana da Luz,À vista,Pago
VEN_022046,CLI_0101,PROD_0332,2023-09-25,22,181.91,4001.93,0.05,Matteo Montenegro,Cartão,Pago
VEN_000268,CLI_0458,PROD_0101,2023-09-25,7,262.42,1836.93,0.05,Luiz Fernando Pimenta,Cartão,Pago
VEN_008343,CLI_0029,PROD_0407,2023-09-25,21,229.5,4819.5,0.0,Vitória Viana,Cartão,Pago
VEN_003622,CLI_0841,PROD_0242,2023-09-25,18,174.25,3136.48,0.1,Mirella Novaes,Boleto,Pago
VEN_001149,CLI_0402,PROD_0100,2023-09-25,11,375.33,4128.63,0.0,Levi Novaes,Transferência,Pago
VEN_033451,CLI_0054,PROD_0403,2023-09-25,21,392.82,8249.13,0.05,Luana Cassiano,Boleto,Pago
VEN_024081,CLI_0872,PROD_0161,2023-09-25,19,396.29,7529.56,0.05,Dr. Josué Andrade,Boleto,Pago
VEN_010274,CLI_0354,PROD_0030,2023-09-25,27,256.3,6920.1,0.0,Renan Pinto,Cartão,Pago
VEN_028762,CLI_0114,PROD_0048,2023-09-25,2,183.87,367.74,0.1,Srta. Maria Isis Aragão,À vista,Pago
VEN_044179,CLI_0814,PROD_0428,2023-09-25,10,442.73,4427.28,0.05,Daniela Carvalho,À vista,Pago
VEN_013997,CLI_0050,PROD_0043,2023-09-25,10,40.07,400.7,0.0,Pedro Henrique Campos,À vista,Pendente
VEN_001646,CLI_0003,PROD_0378,2023-09-25,21,184.78,3880.47,0.05,Bernardo Araújo,Cartão,Pago
VEN_013761,CLI_0957,PROD_0180,2023-09-25,19,211.26,4013.96,0.05,Sr. Nicolas da Cunha,Boleto,Pago
VEN_031640,CLI_0536,PROD_0166,2023-09-25,7,411.95,2883.65,0.0,Arthur Câmara,Boleto,Pago
VEN_025633,CLI_0218,PROD_0284,2023-09-25,30,8.02,240.6,0.0,Giovanna Leão,Boleto,Pago
VEN_022398,CLI_0646,PROD_0483,2023-09-25,2,259.06,518.12,0.0,Vitória Fogaça,Boleto,Pago
VEN_012001,CLI_0949,PROD_0458,2023-09-25,9,269.9,2429.1,0.0,Milena da Rosa,À vista,Pago
VEN_033101,CLI_0991,PROD_0114,2023-09-25,29,446.55,12949.95,0.0,Dr. João Guilherme Albuquerque,Boleto,Pago
VEN_041054,CLI_0320,PROD_0458,2023-09-25,18,269.9,4858.2,0.0,Ravy Silva,À vista,Atrasado
VEN_011511,CLI_0422,PROD_0147,2023-09-25,27,372.37,10053.88,0.1,Luana Lima,Cartão,Pago
VEN_012166,CLI_0055,PROD_0330,2023-09-25,16,256.31,4100.96,0.0,Maria Vitória Araújo,À vista,Pago
VEN_005053,CLI_0110,PROD_0008,2023-09-25,21,135.94,2854.74,0.0,Dr. Antônio Ribeiro,À vista,Pago
VEN_011072,CLI_0890,PROD_0420,2023-09-25,17,158.15,2688.57,0.15,Ana Luiza Jesus,Boleto,Pago
VEN_024757,CLI_0245,PROD_0096,2023-09-25,2,218.49,436.98,0.0,Ágatha Cassiano,Cartão,Pago
VEN_030069,CLI_0636,PROD_0182,2023-09-25,1,445.26,445.26,0.0,Ravy Silva,Cartão,Pago
VEN_041375,CLI_0307,PROD_0238,2023-09-25,13,435.85,5666.05,0.0,Sr. Antônio Fogaça,Cartão,Pago
VEN_035041,CLI_0389,PROD_0136,2023-09-25,11,235.19,2587.09,0.0,Felipe Casa Grande,Boleto,Pago
VEN_029811,CLI_0671,PROD_0405,2023-09-25,18,19.99,359.82,0.0,Maysa Melo,Boleto,Pago
VEN_012831,CLI_0865,PROD_0224,2023-09-25,11,405.99,4465.89,0.1,Lorenzo Gonçalves,À vista,Pago
VEN_004629,CLI_0041,PROD_0022,2023-09-25,5,374.77,1873.85,0.0,Matteo Lima,Boleto,Pago
VEN_014993,CLI_0816,PROD_0005,2023-09-25,3,114.12,342.36,0.0,Maria Helena Almeida,Cartão,Pago
VEN_014948,CLI_0822,PROD_0011,2023-09-25,26,35.49,922.66,0.1,Caroline da Costa,Transferência,Pago
VEN_049407,CLI_0221,PROD_0355,2023-09-25,18,476.93,8584.74,0.0,Maria Isis da Costa,Cartão,Pago
VEN_023558,CLI_0933,PROD_0166,2023-09-26,26,411.95,10710.7,0.0,Julia da Luz,Transferência,Pago
VEN_016954,CLI_0288,PROD_0436,2023-09-26,3,411.72,1235.16,0.0,Maysa Lima,À vista,Pago
VEN_047185,CLI_0918,PROD_0424,2023-09-26,14,189.73,2656.22,0.0,Srta. Alice Andrade,Boleto,Pendente
VEN_044474,CLI_0842,PROD_0291,2023-09-26,22,175.86,3868.92,0.0,Sr. Thales Ribeiro,Cartão,Pago
VEN_002728,CLI_0841,PROD_0247,2023-09-26,2,72.15,144.3,0.0,Eloah Sousa,À vista,Pago
VEN_008068,CLI_0089,PROD_0302,2023-09-26,1,125.44,125.44,0.0,Isabela Vasconcelos,Cartão,Pago
VEN_005161,CLI_0516,PROD_0084,2023-09-26,30,432.71,12981.3,0.0,Isabel Pereira,Boleto,Pago
VEN_023476,CLI_0654,PROD_0390,2023-09-26,1,236.37,236.37,0.0,Davi da Conceição,À vista,Pago
VEN_038567,CLI_0314,PROD_0024,2023-09-26,14,379.11,5307.54,0.0,Allana da Cruz,Cartão,Pago
VEN_016834,CLI_0307,PROD_0187,2023-09-26,21,408.05,8569.05,0.0,Maria Julia Correia,Boleto,Pago
VEN_035084,CLI_0941,PROD_0454,2023-09-26,20,238.84,4776.8,0.0,Thomas Andrade,Cartão,Pago
VEN_008086,CLI_0185,PROD_0320,2023-09-26,22,177.09,3896.05,0.1,Maria Rios,Cartão,Pago
VEN_019955,CLI_0666,PROD_0314,2023-09-26,7,256.0,1792.0,0.0,Pedro Miguel Novais,Cartão,Pendente
VEN_035768,CLI_0864,PROD_0005,2023-09-26,6,114.12,684.72,0.0,Luan Rezende,Cartão,Pago
VEN_037815,CLI_1000,PROD_0393,2023-09-26,12,486.33,5835.96,0.0,Theo Araújo,Transferência,Atrasado
VEN_038790,CLI_0431,PROD_0403,2023-09-26,2,413.49,826.98,0.0,Juliana Cardoso,Cartão,Pago
VEN_002852,CLI_0666,PROD_0226,2023-09-26,14,122.36,1713.04,0.05,Eduarda Nunes,Cartão,Pago
VEN_033744,CLI_0336,PROD_0086,2023-09-26,17,103.79,1764.43,0.0,Srta. Sophia Marques,Cartão,Atrasado
VEN_018542,CLI_0930,PROD_0285,2023-09-26,19,67.71,1286.43,0.1,Heitor Campos,Boleto,Pago
VEN_015565,CLI_0131,PROD_0319,2023-09-26,10,264.41,2644.1,0.0,Esther Almeida,Transferência,Pago
VEN_018935,CLI_0588,PROD_0427,2023-09-26,11,196.53,2161.81,0.15,Noah Fonseca,Boleto,Pago
VEN_000883,CLI_0508,PROD_0270,2023-09-26,21,433.42,9101.82,0.0,Bernardo Cirino,Cartão,Pago
VEN_005751,CLI_0613,PROD_0163,2023-09-26,24,278.91,6693.84,0.0,Théo Siqueira,À vista,Pago
VEN_007623,CLI_0039,PROD_0038,2023-09-26,9,378.86,3409.74,0.0,Francisco Fonseca,Cartão,Pago
VEN_032026,CLI_0827,PROD_0285,2023-09-26,9,75.23,677.07,0.0,Antônio Borges,À vista,Pago
VEN_041550,CLI_0035,PROD_0046,2023-09-26,12,51.69,620.28,0.0,Yasmin Pastor,Boleto,Pago
VEN_016886,CLI_0139,PROD_0350,2023-09-26,7,28.64,200.48,0.0,Vitor Machado,À vista,Pendente
VEN_030839,CLI_0428,PROD_0060,2023-09-26,21,299.54,6290.34,0.0,Maria Vitória Ribeiro,Cartão,Pago
VEN_041906,CLI_0684,PROD_0273,2023-09-26,28,461.88,12932.64,0.0,Caio Silva,Cartão,Pago
VEN_026633,CLI_0749,PROD_0108,2023-09-26,8,289.96,2319.68,0.0,André Sá,À vista,Pago
VEN_042642,CLI_0317,PROD_0257,2023-09-26,24,6.4,153.6,0.0,Sr. Matteo Brito,Cartão,Pago
VEN_046736,CLI_0275,PROD_0464,2023-09-26,3,85.43,256.29,0.0,Isabelly Andrade,À vista,Pago
VEN_032797,CLI_0682,PROD_0058,2023-09-26,14,29.82,417.48,0.0,Gael Sales,Cartão,Pago
VEN_043240,CLI_0257,PROD_0016,2023-09-26,25,192.83,4820.75,0.0,Dra. Ana Luiza da Conceição,Transferência,Pago
VEN_036669,CLI_0421,PROD_0243,2023-09-26,15,114.7,1720.54,0.05,Pedro Garcia,Boleto,Pago
VEN_039534,CLI_0201,PROD_0005,2023-09-26,19,114.12,2168.28,0.0,Valentim da Rosa,Cartão,Pendente
VEN_018813,CLI_0994,PROD_0308,2023-09-26,23,378.45,8704.35,0.0,Maria Laura Albuquerque,À vista,Atrasado
VEN_033170,CLI_0732,PROD_0278,2023-09-26,15,276.52,4147.75,0.05,Dante Casa Grande,À vista,Pago
VEN_043958,CLI_0105,PROD_0260,2023-09-26,5,12.81,64.05,0.0,Caroline Mendes,À vista,Pendente
VEN_021677,CLI_0039,PROD_0209,2023-09-26,23,494.26,11367.98,0.0,Beatriz Pereira,Cartão,Pendente
